source,target
6827,5592
6827,7171
6827,6828
2732,2753
2732,2751
10925,10492
10925,10471
2734,2752
2734,2735
10927,10492
10928,10924
10930,10931
10930,10390
10931,10930
10931,10893
10933,10449
10933,10483
10933,10471
10933,10493
10933,10477
10933,10429
2742,2737
2742,2778
2742,2733
2743,2817
2743,2796
10940,10939
10940,10516
106,105
106,117
107,105
107,109
108,345
108,109
109,107
109,108
110,226
110,115
111,120
111,217
112,212
112,119
113,146
113,115
114,128
114,146
114,156
8307,8308
8307,8069
8308,8307
117,357
117,118
117,137
117,106
117,139
117,143
118,117
118,357
119,112
119,122
119,130
120,142
120,111
121,124
121,125
122,119
122,131
122,127
123,119
124,121
124,141
124,143
125,121
125,148
125,127
126,131
126,141
127,122
127,125
8320,8322
129,128
129,130
8322,8320
8322,8133
131,122
131,126
132,138
132,158
134,136
134,162
136,142
136,134
137,368
137,144
137,140
137,116
137,117
138,144
138,132
139,140
139,143
139,116
139,141
139,117
140,137
140,139
141,139
141,124
141,117
141,126
141,143
142,136
142,120
143,146
143,139
143,141
143,149
144,137
144,138
146,113
146,114
146,1898
146,1922
146,141
147,155
147,149
148,155
148,156
148,125
148,150
149,147
149,141
149,143
150,148
150,151
151,152
151,150
151,158
152,160
152,151
155,147
155,148
156,114
156,148
158,161
158,132
158,151
159,160
159,1901
160,152
160,159
161,164
161,166
161,158
161,167
162,389
163,394
163,164
164,161
164,163
165,171
165,980
165,166
166,978
166,161
166,170
166,165
167,161
167,175
168,170
168,174
169,166
170,168
170,169
171,394
171,165
172,979
172,181
172,173
173,172
173,174
174,168
174,178
174,180
174,173
175,177
175,1898
175,167
177,176
177,1898
177,180
177,1965
177,175
178,179
178,317
178,174
179,178
179,255
180,177
180,174
181,979
182,186
182,2117
183,185
183,187
183,231
184,237
184,1638
185,236
185,183
186,1626
186,182
187,2085
187,183
188,230
188,205
188,206
189,208
189,195
189,205
190,194
190,1923
190,1959
191,193
191,202
191,195
192,208
192,197
193,195
194,198
194,190
195,1913
195,189
195,191
196,202
196,203
197,192
197,199
198,194
198,199
199,197
199,198
201,2020
202,196
202,191
203,204
203,196
204,203
204,205
205,188
205,204
205,189
206,209
206,188
8399,8400
8399,8401
8399,8402
8399,8405
8400,7235
8400,8405
8400,8399
8401,8405
8401,8406
8401,8399
8402,8076
8402,8069
8402,8399
8403,8404
8404,8403
8404,8406
8405,8400
8405,8401
8405,8399
8405,8143
8406,8401
8406,8404
215,211
215,213
216,211
216,228
217,224
217,225
217,221
217,111
218,224
218,233
218,222
218,223
219,221
219,227
219,245
219,254
219,223
220,212
220,222
221,249
221,217
221,227
221,219
221,239
222,218
222,220
223,218
223,219
224,217
224,218
225,217
225,226
226,225
226,110
227,219
227,221
228,216
228,233
228,234
228,253
229,232
229,250
229,237
230,235
230,188
230,213
230,231
231,232
231,183
231,230
231,207
232,236
232,229
232,231
233,218
233,228
234,229
235,229
235,230
236,232
236,185
236,1626
237,184
237,235
237,229
237,1639
238,239
239,221
239,335
240,241
240,245
241,248
241,240
241,1646
242,248
242,249
243,245
243,246
244,1613
244,247
245,240
245,219
245,243
246,243
246,251
247,1610
247,244
248,241
248,242
249,242
249,221
250,1640
250,229
250,254
250,253
251,252
251,1621
251,246
251,1613
252,251
252,1623
253,250
253,228
254,250
254,219
255,259
255,179
255,261
255,263
256,264
256,1888
256,263
257,272
257,260
257,261
257,262
257,298
257,314
258,264
258,265
258,1890
258,267
259,1966
259,255
260,257
260,314
260,317
260,269
261,257
261,255
262,257
262,298
262,303
262,297
8455,8106
8455,8068
264,256
264,258
8457,8458
8457,8108
8457,8149
8458,8457
8458,8148
8458,8121
267,258
267,268
268,298
268,267
269,260
269,263
270,266
270,275
270,1885
271,272
271,279
272,273
272,271
272,257
272,311
273,272
273,274
274,273
274,277
275,281
275,270
276,281
276,274
276,278
277,276
278,312
278,276
279,296
279,291
279,284
279,271
280,289
280,290
280,284
280,2046
281,275
281,291
281,276
281,286
282,288
282,289
282,285
283,288
283,287
284,280
284,279
285,1937
285,282
285,2028
285,1951
286,281
286,287
287,283
287,286
288,282
288,283
289,280
289,282
290,280
290,295
291,281
291,279
292,2896
292,295
293,294
293,1391
294,296
294,293
295,290
295,292
296,294
296,279
297,314
297,299
297,301
297,262
298,257
298,268
299,297
299,300
300,299
300,1231
301,297
301,302
301,305
302,306
302,303
302,301
302,311
303,302
303,262
304,312
304,1433
305,309
305,301
306,307
306,302
307,306
307,310
308,1437
308,309
309,305
309,308
310,1434
310,307
311,272
311,302
312,304
312,278
313,257
314,322
314,324
314,260
314,313
314,297
314,318
315,322
315,1207
315,1197
315,1198
315,1231
317,178
317,260
318,992
318,314
318,323
318,324
320,315
321,323
321,1206
322,314
322,315
323,321
323,318
324,297
324,314
325,315
326,328
326,356
326,1672
326,360
326,1668
326,330
326,1646
327,620
327,333
328,329
328,331
328,1668
328,326
329,328
329,1671
330,326
330,343
331,328
331,620
331,332
332,331
332,333
333,332
333,327
334,347
334,341
335,337
335,238
335,342
8528,8530
8528,8149
8529,8121
8529,8530
8530,8528
8530,8529
339,344
339,338
340,344
340,341
341,340
341,334
342,357
342,335
343,330
343,347
344,339
344,340
345,108
345,346
345,348
346,384
346,345
346,380
346,360
347,334
347,343
348,356
349,353
349,350
350,349
350,629
351,354
351,429
352,425
352,427
352,447
353,349
353,454
354,355
354,351
355,354
355,454
356,360
356,345
356,346
356,365
356,326
357,336
357,342
357,118
357,117
358,371
358,363
358,455
359,363
360,361
360,356
360,326
361,360
361,362
362,361
362,378
363,364
363,358
364,359
365,356
366,381
366,367
367,384
367,385
367,366
368,369
368,137
369,368
369,381
369,382
370,376
370,450
370,411
370,405
371,377
371,358
372,378
372,373
373,372
373,407
374,378
374,380
375,376
375,377
376,370
376,375
377,378
377,371
377,375
378,362
378,371
378,372
378,374
379,384
379,411
380,346
380,411
380,374
380,383
381,369
381,366
382,385
382,369
383,385
383,380
384,379
384,346
384,387
384,389
384,367
385,416
385,383
385,382
385,367
386,393
386,414
387,384
387,388
387,389
388,387
388,389
389,384
389,162
389,387
389,388
389,406
389,134
389,391
389,393
389,394
391,392
391,402
391,395
391,389
392,977
392,391
393,386
393,389
393,414
394,163
394,171
394,389
395,400
395,397
395,391
396,403
396,725
396,728
396,714
396,717
396,397
397,400
397,419
397,396
397,395
398,401
398,402
399,397
400,395
400,397
401,730
401,398
402,729
402,398
402,391
403,412
403,396
403,407
404,440
405,408
405,370
405,403
405,406
405,407
406,592
406,456
406,452
406,405
406,449
406,408
407,410
407,403
407,411
407,373
407,405
408,405
408,406
409,396
410,415
410,407
411,370
411,379
411,380
411,373
412,409
412,410
414,393
414,386
414,418
415,417
415,418
415,419
415,410
416,417
416,385
417,416
417,415
418,414
418,415
419,397
419,415
420,587
420,421
420,423
421,420
421,431
422,443
422,431
423,424
423,420
424,772
424,423
425,544
425,352
425,426
425,430
426,425
427,352
427,428
428,427
428,429
429,428
429,351
430,352
430,550
431,421
431,422
433,434
433,438
434,433
434,436
436,434
436,439
437,778
437,438
438,433
438,437
439,440
439,436
440,456
440,786
440,439
441,448
441,444
442,441
442,447
443,592
443,451
443,446
443,422
444,441
444,445
445,459
445,444
446,443
446,451
447,352
447,442
448,442
449,443
449,445
449,446
450,449
450,370
450,452
450,453
451,456
451,458
451,450
451,406
452,456
452,450
452,406
453,450
453,454
454,353
454,355
454,453
454,455
455,454
455,358
456,440
456,458
456,452
456,406
457,389
458,449
459,451
460,4377
460,461
461,466
461,460
462,467
462,468
463,520
463,469
464,474
464,471
465,472
465,469
465,470
466,467
466,461
467,466
467,462
468,462
468,535
469,465
469,463
470,465
470,475
470,473
471,464
471,475
472,473
472,465
472,477
472,479
473,472
473,470
474,480
474,464
475,476
475,470
475,471
477,472
477,478
478,611
478,477
479,472
479,612
480,481
480,474
481,480
481,3175
482,513
482,502
482,489
483,488
483,492
483,500
483,501
484,493
485,500
486,504
486,487
487,492
487,486
488,491
488,483
489,490
489,482
489,503
490,489
490,491
491,488
491,490
492,483
492,487
493,484
493,494
494,493
494,495
495,506
495,494
496,504
496,497
497,496
497,498
498,497
498,499
499,498
499,509
500,483
500,485
500,4325
501,483
501,502
502,482
502,501
503,489
503,652
504,496
504,486
505,512
505,506
505,515
505,511
506,505
506,514
506,509
506,495
507,530
507,515
507,526
508,516
508,517
509,506
509,499
510,522
510,511
511,505
511,510
512,505
512,513
513,512
513,482
514,536
514,506
515,505
515,507
516,532
516,508
517,508
517,652
518,520
518,519
519,533
519,518
520,518
520,463
522,532
522,510
522,527
523,531
523,534
524,525
524,527
525,540
525,524
525,543
526,528
526,507
527,522
527,524
528,529
528,526
529,528
529,534
530,531
530,507
531,530
531,523
532,522
532,516
533,537
533,538
533,534
533,519
534,539
534,529
534,523
534,540
534,533
535,538
535,468
536,537
536,514
8729,8896
8729,8880
8729,8730
8729,8901
8730,8914
8730,8931
8730,8915
8730,8729
8730,8921
8730,8731
8730,8911
8731,8944
8731,8945
8731,8730
8731,8925
8732,8784
8732,8786
8732,8795
8732,8733
8733,8768
8733,8732
8733,8771
8733,8764
8733,8765
8734,8945
8734,8946
8734,8947
8734,8950
8734,8919
543,540
543,525
543,541
544,545
544,425
545,544
545,546
546,545
546,586
547,586
547,556
548,552
548,549
549,553
549,548
550,552
550,430
551,586
551,590
552,548
552,550
553,554
553,549
554,553
554,555
554,541
555,553
8748,8752
8748,8874
557,556
557,562
557,540
557,558
558,560
558,593
558,557
558,561
8751,2704
8751,8865
560,577
560,558
561,558
561,591
8754,8753
563,562
563,564
564,563
564,559
565,566
565,559
566,633
566,565
567,568
567,570
567,572
568,664
568,567
568,572
568,575
569,576
569,575
570,593
570,573
570,574
570,567
571,578
571,667
571,574
571,670
572,568
572,592
572,595
572,580
572,567
573,570
573,596
574,570
574,571
575,568
575,569
576,569
576,5774
576,678
577,560
577,578
578,577
578,571
579,580
579,581
580,579
580,572
581,579
581,582
582,581
582,583
583,584
583,585
583,582
584,585
584,583
585,584
585,583
585,679
586,546
586,547
586,551
8779,8778
8779,8780
8780,8779
8780,8781
8781,8780
8781,8782
590,551
590,591
591,561
591,596
591,590
592,4720
592,594
592,595
592,457
592,588
592,443
592,572
593,570
593,558
594,592
594,596
595,592
595,572
596,594
596,573
596,591
8789,8768
8789,8788
8789,8796
8789,8791
8790,8872
8790,8791
8791,8768
8791,8789
8791,8790
600,601
600,602
600,628
601,600
601,613
601,599
602,600
602,618
602,604
8795,8784
8795,8944
8795,8732
8795,8783
604,602
604,605
604,606
8797,9040
8797,9037
606,603
606,604
607,601
607,609
608,611
608,603
609,610
609,607
610,609
610,611
611,608
611,610
611,612
611,478
612,611
612,479
613,599
613,605
613,607
614,616
614,627
614,623
615,624
615,632
616,625
616,614
617,624
617,1709
618,602
618,1706
618,1710
620,331
620,621
620,327
621,620
621,622
622,621
622,623
623,622
623,614
624,617
624,615
625,616
625,628
625,630
626,627
626,629
627,626
627,614
628,600
628,625
629,626
629,350
630,625
630,631
631,632
631,630
632,631
632,615
633,674
633,566
633,645
633,650
634,661
635,656
635,651
635,636
635,542
636,635
636,643
637,661
637,638
638,652
638,645
639,640
640,637
641,656
641,657
641,642
642,641
643,636
643,644
644,643
645,633
645,638
646,647
647,659
648,649
649,646
650,633
650,651
651,650
651,635
652,639
652,517
652,638
652,503
653,662
654,653
655,654
656,641
656,635
657,672
657,641
658,655
659,660
660,658
661,634
661,637
661,662
662,648
662,661
662,542
663,673
663,674
663,669
664,568
664,675
664,669
665,666
665,668
666,665
666,676
666,677
667,673
667,571
668,665
668,671
669,664
669,676
669,663
670,571
670,675
671,672
671,668
672,657
672,4678
672,671
673,667
673,663
674,633
674,663
675,664
675,670
676,666
676,669
677,666
678,576
678,689
679,680
679,585
679,685
679,686
680,681
680,679
681,680
681,683
682,688
682,685
682,687
8875,2712
8875,8874
684,689
684,5766
685,682
685,686
685,679
686,685
686,679
687,688
687,682
688,697
688,682
688,687
689,690
689,684
689,678
690,689
690,698
690,707
691,702
691,694
691,703
692,710
693,700
694,691
694,708
694,699
694,703
695,700
695,711
696,705
696,706
697,688
697,701
698,690
698,707
699,695
700,693
700,695
701,697
701,702
702,691
702,701
703,704
703,691
704,705
704,703
705,704
705,696
706,696
706,707
707,706
707,698
707,690
708,709
708,694
8901,8913
8901,8909
8901,8902
8901,8910
8901,8729
710,692
710,709
710,6454
8903,8902
8904,8903
713,696
713,705
8906,8907
8907,8906
8907,8908
8908,8907
8908,8903
8909,8904
8909,8913
8909,8901
718,728
718,736
718,715
718,719
719,779
719,718
8912,8921
8912,8917
8912,8918
8913,8915
8913,8901
8913,8902
8913,8909
8914,8730
8914,8915
723,720
723,736
8916,8956
8916,8957
8916,8910
8917,8912
8917,8957
8917,8918
8918,8912
8918,8921
8918,8957
8918,8917
8919,8920
8920,8922
8920,8925
8921,8912
8921,8730
8921,8918
8922,8923
8922,8911
8923,8924
8924,8953
8924,8933
8924,8925
8925,8945
8925,8933
8925,8920
8925,8922
8925,8731
8925,8924
734,729
734,741
735,741
735,733
736,748
736,723
736,740
736,718
737,744
737,721
737,739
738,744
738,751
739,737
739,748
740,763
741,745
741,970
741,735
741,734
741,743
8934,8938
8934,8933
743,962
743,741
744,737
744,738
745,741
745,742
8938,8939
8938,8934
8939,8944
8939,8938
8939,8935
748,736
748,739
748,756
748,751
8941,9021
750,757
750,758
750,759
751,752
751,738
751,748
8944,8731
8944,8945
8944,8795
8944,8939
8944,8942
8945,8944
8945,8731
8945,8925
8945,8734
754,755
754,742
8947,8954
8947,8955
8947,8948
8947,8941
8947,8951
8948,8947
8948,8949
8949,8948
8949,8950
8950,8946
8950,8954
8950,8731
8950,8949
8950,8734
8951,8947
8951,8957
8951,8958
8951,8955
760,747
760,759
761,762
761,763
762,761
762,764
762,766
763,736
763,761
764,784
764,762
764,783
765,766
765,767
8958,8963
8958,8956
8958,8951
767,768
767,769
767,765
767,758
768,770
768,767
128,129
128,114
770,768
770,870
8963,9021
8963,8958
772,424
772,773
773,772
773,774
774,773
774,775
775,776
775,774
776,777
776,775
777,776
777,901
778,793
778,437
778,782
779,781
779,719
780,714
780,787
780,786
780,791
781,796
781,779
781,788
781,789
782,794
782,778
783,764
783,766
783,862
784,769
784,771
784,797
784,783
785,790
785,791
786,404
786,780
787,792
787,788
787,714
787,780
788,787
788,781
789,781
789,766
790,785
790,793
1497,1503
1497,1495
792,787
792,771
792,796
793,782
793,790
794,795
794,782
795,794
795,771
796,792
796,781
798,5561
798,802
798,922
799,817
799,829
800,801
800,803
801,800
801,860
802,804
802,798
803,800
803,852
804,802
804,805
805,804
805,806
806,805
806,807
807,816
807,806
808,816
808,818
808,815
808,823
809,849
809,810
810,809
810,814
811,808
811,819
812,820
812,821
813,808
813,820
814,810
814,1133
815,849
815,822
815,838
815,808
815,841
815,860
816,808
816,817
816,807
817,816
817,799
818,819
818,811
818,813
819,808
819,811
819,828
820,812
820,813
821,812
821,1135
822,808
822,823
823,808
823,841
823,843
823,838
823,815
824,833
824,834
824,835
824,1117
825,831
826,832
826,833
827,5584
827,829
827,830
828,832
828,819
9021,8963
9021,9027
9021,9023
9022,9032
9022,9027
831,825
831,830
832,826
832,828
833,824
833,834
833,826
834,824
834,833
9027,9028
9027,9021
9027,9022
836,839
836,854
836,855
9029,9028
9029,9022
838,815
838,843
838,844
838,823
839,848
839,836
840,849
840,1123
9033,9032
9033,9035
842,843
842,884
9035,9036
9036,9037
9036,9038
9037,10915
9037,9036
9037,8797
9037,9039
9038,9033
9039,10440
9039,9037
9040,8797
849,840
849,841
849,815
849,809
850,837
850,847
851,856
851,855
852,856
852,914
852,803
852,916
853,858
853,859
853,860
854,858
854,836
855,851
855,836
856,851
856,852
858,853
858,854
859,860
860,801
860,823
860,853
860,815
861,877
861,862
862,861
862,783
863,869
863,894
864,889
864,1034
864,878
864,753
865,875
866,873
866,771
866,868
866,877
866,895
867,872
867,869
867,871
868,872
868,866
869,881
869,867
869,885
869,863
870,770
870,871
871,867
871,870
872,881
872,867
872,868
873,866
873,874
874,873
874,895
875,865
875,876
876,896
876,875
876,837
876,895
877,866
877,861
878,864
879,884
881,872
881,892
881,869
882,890
882,891
882,1038
882,886
883,1122
883,1123
884,842
884,879
884,895
885,893
885,869
886,882
886,887
887,888
887,886
888,1122
888,887
889,864
889,890
890,889
890,882
891,882
891,892
892,881
892,891
893,1122
893,885
894,896
894,863
895,896
895,874
895,843
895,884
895,866
896,876
896,894
897,905
897,902
897,903
898,899
898,903
899,898
899,900
900,899
900,949
901,777
901,902
902,897
902,901
903,897
903,898
903,905
905,913
905,907
905,903
906,912
906,909
907,897
907,905
907,911
908,905
909,5585
909,906
909,910
910,948
910,909
911,915
911,907
912,920
913,908
914,921
914,852
914,917
914,918
915,921
915,911
916,922
916,852
916,918
917,914
917,919
918,922
918,916
918,914
919,920
919,917
920,906
920,919
921,914
921,915
922,5561
922,916
922,918
922,798
923,6313
923,930
924,929
925,928
925,926
926,925
926,927
927,930
927,926
928,932
928,925
929,924
929,943
930,923
930,927
931,936
931,948
931,942
932,944
932,928
932,943
933,944
933,946
933,955
934,946
935,936
936,937
936,945
937,938
938,939
939,940
940,941
941,935
942,931
942,943
943,929
943,932
943,942
944,932
944,933
945,931
946,947
946,934
947,933
948,931
948,949
948,910
949,900
949,948
950,956
950,6325
951,953
951,954
952,953
952,955
953,952
953,951
954,956
954,951
955,952
955,933
956,954
956,6450
956,950
958,964
958,966
958,959
959,968
959,958
960,963
960,1013
961,746
961,1020
961,1030
961,967
962,968
962,963
962,743
963,960
963,962
963,965
963,967
964,985
964,965
964,958
965,963
965,964
966,993
966,979
966,981
966,958
967,961
967,963
968,962
968,959
968,970
968,975
970,968
970,741
971,976
971,972
971,973
971,975
972,971
972,981
973,971
973,974
974,729
974,973
975,968
975,971
976,971
976,980
977,392
977,980
978,979
978,980
978,166
979,978
979,987
979,172
979,966
980,976
980,977
980,978
980,165
981,972
981,966
982,987
982,966
983,1002
985,964
985,988
985,990
986,995
986,991
987,993
987,979
988,985
988,989
989,1009
989,988
990,985
990,991
991,986
991,990
992,997
992,318
993,983
994,1203
994,1003
995,986
995,1003
995,1012
996,1000
996,1017
996,1018
996,1221
997,982
998,1003
998,1212
998,1007
999,1010
1000,996
1000,1005
1000,1006
1001,1008
1001,1010
1002,992
1003,994
1003,995
1003,1012
1003,998
1004,1224
1004,1005
1005,1000
1005,1004
1006,1000
1006,1221
1007,1008
1007,998
1008,1001
1008,1007
1009,989
1009,1198
1010,1001
1010,1011
1011,999
1012,994
1012,995
1012,1013
1013,960
1013,1012
1015,1016
1015,1028
1016,1024
1016,1019
1016,1015
1016,1023
1017,1025
1017,1018
1017,996
1017,1021
1017,1022
1018,1024
1018,1017
1018,1052
1018,996
1018,1047
1019,1016
1019,1021
1020,961
1020,1023
1021,1017
1021,1019
1022,1017
1022,1049
1023,1016
1023,1020
1024,1016
1024,1018
1025,1017
1025,1063
1026,1027
1026,1028
1026,1037
1026,1047
1027,1032
1027,1026
1027,742
1027,1031
1028,1026
1028,1027
1028,1029
1028,1015
1029,1028
1029,1030
1030,961
1030,1029
1031,1027
1031,749
1032,1028
1033,1034
1033,1035
1034,864
1034,1033
1035,1033
1035,1037
1037,1040
1037,1026
1037,1035
1038,882
1038,1039
1039,1045
1039,1038
1040,1044
1040,1037
1040,1045
1041,1059
1042,1128
1042,1041
1042,1044
1044,1040
1044,1042
1044,1045
1044,1128
1044,1154
1044,1055
1045,1040
1045,1060
1045,1062
1045,1039
1046,1049
1046,1059
1047,1048
1047,1026
1047,1018
10946,10529
1049,1050
1049,1051
1049,1046
1049,1022
1050,1048
1050,1049
1051,1049
1051,1062
1052,1048
1052,1018
1053,1060
1053,1062
1054,1056
1054,1057
1054,1058
1055,1056
1055,1128
1055,1044
1056,1054
1056,1055
1057,1158
1057,1054
1058,1054
1058,1167
1059,1042
1059,1046
1060,1053
1060,1061
1061,1042
1061,1045
1062,1045
1062,1175
1062,1064
1062,1065
1062,1051
1062,1053
1063,1065
1063,1025
1064,1066
1064,1062
1065,1066
1065,1067
1065,1062
1065,1063
1066,1064
1066,1065
1066,1163
1067,1065
1067,1068
1068,1067
1068,1069
1069,1219
1069,1068
1070,1152
1070,1105
1070,1074
1070,1095
1070,1071
1071,1075
1071,1076
1071,1070
1072,1074
1072,1166
1073,1070
1074,1072
1074,1073
1075,1082
1075,1084
1075,1071
1076,1106
1076,1071
1079,1089
1079,1083
1080,1091
1080,1092
1080,1085
1081,1085
1081,1087
1082,1090
1082,1075
1082,1084
1083,1088
1083,1086
1083,1079
1084,1075
1084,1087
1085,1080
1085,1081
1086,5552
1086,1083
1087,1081
1087,1082
1087,1084
1088,1090
1089,1093
1089,1079
1090,1090
1090,1083
1090,1148
1090,1082
1091,1080
1091,1100
1092,1080
1092,1094
1093,1089
1094,1092
1095,1106
1095,1110
1095,1113
1095,1098
1095,1115
1095,1070
1096,1113
1096,1114
1097,1107
1097,1115
1098,1173
1098,1095
1099,1108
1099,1109
1100,1091
1100,1109
1100,1102
1101,1110
1101,1111
1102,1100
1102,1103
1103,1317
1103,1102
1105,1106
1105,1070
1106,1105
1106,1115
1106,1076
1106,1095
1107,1097
1107,1108
1108,1107
1108,1099
1109,1099
1109,1100
1110,1101
1110,1095
1111,1112
1111,1101
1112,1113
1112,1111
1113,1096
1113,1112
1113,1095
1113,1311
1114,1096
1114,1311
1115,1097
1115,1106
1115,1095
1117,824
1117,1118
1118,1117
1118,1119
1119,1136
1119,1118
1121,1129
1121,1130
1122,888
1122,1131
1122,883
1122,893
1122,1125
1123,840
1123,883
1124,1132
1124,1127
1125,1122
1125,1127
1126,1130
1126,1156
1127,1124
1127,1125
1128,1132
1128,1154
1128,1044
1129,1121
1129,1154
1130,1121
1130,1126
1131,1122
1131,1156
1132,1128
1132,1124
1133,1137
1133,1151
1133,814
1133,1143
1134,1140
1134,1141
1134,1142
1135,1140
1135,821
1136,1138
1136,1119
1137,1133
1137,1142
1138,1136
1138,1139
1139,1145
1139,1138
1139,1140
1140,1134
1140,1135
1141,1145
1141,1134
1142,1137
1142,1134
1143,1144
1143,1133
1144,1160
1144,1143
1145,1139
1145,1148
1145,1141
1145,1149
1146,1153
1146,1151
1147,1153
1147,1156
1148,1145
1148,1090
1149,1145
1149,1150
1150,1152
1150,1149
1151,1146
1151,1133
1152,1153
1152,1070
1152,1157
1152,1150
1153,1152
1153,1146
1153,1147
1154,1129
1154,1162
1154,1044
1154,1055
1155,1162
1155,1158
1155,1159
1156,1160
1156,1131
1156,1147
1156,1126
1157,1152
1157,1161
1158,1057
1158,1155
1159,1161
1159,1155
1160,1144
1160,1156
1161,1157
1161,1159
1162,1154
1162,1155
1163,1176
1163,1066
1163,1164
1163,1167
1164,1163
1164,1165
1165,1164
1165,1166
1165,1167
1166,1072
1166,1165
1167,1058
1167,1164
1168,1299
1168,1172
1169,1188
1169,1175
1169,1177
1169,1180
1169,1182
1169,1183
1170,1181
1170,1230
1170,1183
1171,1296
1171,1181
1172,1168
1172,1188
1172,1180
1173,1098
1173,1182
1174,1169
1175,1176
1175,1169
1175,1062
1176,1163
1176,1175
1177,1169
1177,1178
1178,1177
1178,1179
1179,1185
1179,1178
1180,1169
1180,1172
1181,1170
1181,1171
1182,1169
1182,1173
1183,1169
1183,1170
1183,1174
1184,1186
1184,1187
1185,1186
1185,1179
1186,1184
1186,1185
1187,1184
1187,1311
1188,1169
1188,1194
1188,1172
1188,1190
1189,1195
1189,1196
1190,1188
1190,1191
1191,1192
1191,1190
1192,1193
1192,1191
1193,1192
1193,1316
1194,1195
1194,1188
1195,1194
1195,1189
1196,1189
1196,1310
1197,1210
1197,315
1198,1009
1198,315
1198,1205
1198,1206
1199,1200
1199,1217
1199,1210
1199,1201
1200,1204
1200,1199
1201,1203
1201,1199
1202,1209
1202,1203
1203,1201
1203,994
1203,1202
1204,1200
1204,1205
1205,1204
1205,1198
1206,321
1206,1198
1207,320
1207,1208
1208,1209
1208,1207
1209,1208
1209,1202
1210,1218
1210,1197
1210,1199
1211,1228
1211,1218
1211,1212
1211,1215
1212,1217
1212,1211
1212,1213
1212,998
1213,1212
1213,1227
1213,1220
1214,1216
1214,1235
1214,1215
1215,1211
1215,1214
1216,1234
1216,1214
1217,1212
1217,1199
1218,1210
1218,1211
1219,1225
1219,1221
1219,1230
1219,1069
1220,1233
1220,1228
1220,1213
1221,1265
1221,1219
1221,996
1221,1226
1221,1229
1221,1006
1222,1241
1222,1227
1222,1004
1222,1223
1223,1229
1223,1222
1224,1222
1225,1265
1225,1219
1226,1265
1226,1221
1227,1213
1227,1222
1228,1211
1228,1220
1229,1221
1229,1223
1230,1170
1230,1219
1231,1232
1231,300
1231,325
1232,1448
1232,1231
1233,1250
1233,1220
1234,1216
1234,1244
1235,1214
1235,1238
1236,1465
1236,1238
1236,1246
1236,1455
1237,1246
1237,1247
1238,1235
1238,1236
1239,1249
1239,1247
1240,1244
1240,1245
1241,1243
1241,1222
1242,1249
1242,1243
207,201
207,231
1244,1240
1244,1234
1245,1456
1245,1457
1245,1240
1246,1236
1246,1237
1247,1237
1247,1254
1247,1262
1247,1239
1248,1249
1249,1242
1249,1239
1250,1233
1250,1255
1251,1291
1251,1267
1251,1261
1251,1255
1252,1272
1252,1264
1252,1259
1253,1258
1253,1252
1253,1254
1254,1253
1254,1247
209,214
209,206
1256,1257
1256,1261
1257,1256
1257,1258
1258,1257
1258,1253
1259,1269
1260,1264
210,1920
210,220
210,1908
1262,1247
1262,1263
1263,1461
1263,1262
1264,1253
1265,1267
1265,1268
1265,1221
1265,1225
1265,1226
1265,1292
1266,1260
211,216
211,212
211,214
211,215
1268,1265
1268,1278
1269,1266
1271,1475
1271,1277
1272,1252
1272,1276
1272,1277
212,112
212,210
212,211
1274,1280
1274,1292
1275,1268
1276,1272
1276,1291
1277,1272
1277,1271
1278,1273
1279,1329
1279,1282
1279,1283
1279,1285
1279,1287
1279,1292
1280,1274
1280,1284
1281,1288
1281,1287
1282,1279
1282,1308
1282,1303
1283,1286
1283,1279
1284,1280
1284,1285
1285,1284
1285,1279
1286,1329
1286,1283
1287,1281
1287,1279
1288,1289
1288,1281
1289,1288
1289,1290
1290,1289
1290,1500
1291,1273
1291,1251
1291,1292
1292,1265
1292,1275
1292,1274
1292,1291
1292,1276
1292,1279
1293,1273
1293,1295
1294,1297
1294,1299
1295,1307
1295,1293
1296,1299
1296,1171
1297,1298
1297,1294
1298,1273
1298,1297
1299,1168
1299,1296
1299,1294
1300,1329
1300,1315
1300,1301
1300,1302
1301,1328
1301,1315
1301,1300
1301,1325
1302,1305
1302,1300
1302,1334
1303,1304
1303,1282
1304,1306
1305,1308
1305,1302
1306,1307
1306,1303
1307,1306
1307,1309
1307,1295
1308,1305
1308,1282
1309,1323
1309,1307
1309,1310
1310,1196
1310,1309
1311,1314
1311,1315
1311,1187
1311,1113
1311,1114
1311,1317
1312,6801
1312,6803
1312,6916
1312,6549
1312,1319
1312,1326
1313,1324
1313,1325
1314,1315
1314,1316
1314,1311
1315,1328
1315,1314
1315,1300
1315,1301
1315,1318
1315,1316
1315,1311
1316,1320
1316,1193
1316,1314
1316,1315
1317,1327
1317,1103
1317,1311
1318,1315
1318,1319
1319,1312
1319,1318
1320,1321
1320,1316
1321,1320
1321,1322
1322,1321
1322,1323
1323,1322
1323,1309
1324,1313
1324,1354
1325,1313
1325,1301
1327,1317
1328,1315
1328,1301
1329,1330
1329,1300
1329,1334
1329,1286
1329,1335
1329,1500
1329,1502
1329,1279
1330,1329
1330,1347
1330,1332
1330,1335
1331,1341
1331,1342
1332,1330
1332,1347
1332,1342
1333,1337
1333,1507
1334,1329
1334,1302
1335,1329
1335,1330
1336,1337
1336,1500
1337,1336
1337,1338
1337,1333
1338,1337
1338,1339
1339,1338
1339,1340
1340,1339
1340,1341
1341,1331
1341,1340
1342,1331
1342,1332
1343,1347
1344,1355
1345,1378
1345,1354
1345,1357
1346,1361
1346,1357
1346,1343
1347,1360
1347,1348
1347,1346
1347,1332
1347,1330
1348,1347
1348,1371
1348,1358
1349,1376
1350,1360
1350,1363
1350,1355
1351,1356
1352,1366
1353,1369
1354,1345
1354,1324
1355,1344
1355,1350
1355,1383
1356,1381
1357,1345
1357,1346
1358,7244
1358,1348
1358,1359
1359,1349
1359,1358
1360,1347
1360,1350
1361,1362
1361,1346
1362,1377
1362,1361
1363,1380
1363,1350
1364,1379
1364,1380
1365,1352
1366,1367
1367,1380
1368,1353
1369,1370
1370,1349
1371,1350
1372,1373
1373,1345
1374,1375
1375,1351
1376,1359
1377,1362
1377,1383
1378,1374
1379,1364
1379,1382
1380,1368
1380,1363
1380,1364
1381,1372
1381,1383
1382,1379
1383,1384
1383,1377
1383,1355
1384,1381
1384,1365
1385,1426
1385,1388
1385,1389
1385,1397
1386,2898
1386,1389
1386,1390
1386,1399
1387,1429
1387,1430
1387,1388
1387,1437
1387,1438
1387,1391
1388,1385
1388,1387
1389,1385
1389,1386
1390,1392
1390,1386
1391,1392
1391,1387
1391,293
1392,1393
1392,1390
1392,1391
1393,1392
1393,2899
1394,1446
1394,1413
1394,1398
1394,1397
1395,1396
1395,1399
1396,1418
1396,1395
1397,1385
1397,1394
1398,1394
1398,1418
1399,1386
1399,1395
1400,1417
1400,1444
1401,1403
1401,1412
1401,1421
1401,1414
1402,1411
1402,1444
1403,1401
1403,2929
1404,1412
1404,1413
1404,1407
1406,1423
1407,1442
1407,1404
1408,1415
1409,1416
1410,1409
1411,1402
1412,1401
1412,1404
1413,1394
1413,1404
1414,1401
1414,1410
1414,1415
1415,1424
1415,1414
1416,1406
1417,1400
1417,1421
1418,1396
1418,1398
1419,1424
1419,2930
1421,1417
1421,1401
1422,1408
1423,1422
1424,1419
1424,1415
1426,1385
1426,1394
1426,1435
1426,1436
1426,1431
1427,1426
1428,1429
1429,1434
1429,1387
1429,1428
1430,1429
1431,1432
1432,1452
1432,1439
1433,304
1433,1438
1434,1428
1434,310
1435,1426
1435,1436
1435,1437
1436,1426
1436,1435
1437,1433
1437,1429
1437,1438
1438,1435
1438,308
1438,1451
1439,1426
1441,1442
1441,1446
1442,1441
1442,1407
1443,1427
1444,1400
1444,1458
1444,1402
1444,1446
1444,1471
1446,1441
1446,1458
1446,1443
1446,1444
1447,1448
1447,1449
1448,1232
1448,1447
1449,1451
1449,1447
1450,1457
1450,1451
1451,1449
1451,1450
1451,1452
1451,1437
1452,1432
1452,1451
1453,1457
1454,1464
1454,1457
1454,1459
1455,1459
1455,1236
1456,1458
1456,1245
1457,1456
1457,1450
1457,1460
1457,1453
1457,1454
1458,1456
1458,1457
1458,1460
1458,1444
1458,1446
1459,1454
1459,1455
1460,1457
1460,1458
1461,1468
1461,1469
1461,1462
1461,1263
1462,1461
1462,1483
1462,1485
1462,1463
1463,1474
1463,1467
1463,1469
1463,1462
1464,1467
1464,1454
1465,1466
1465,1236
1466,1465
1466,1461
1467,1464
1467,1463
1468,1466
1469,1461
1469,1463
1470,1482
1470,1474
1471,1473
1471,1402
1471,1444
1472,1473
1472,1482
1473,1472
1473,1471
1474,1470
1474,1463
1475,1476
1475,1271
1476,1475
1476,1477
1477,1476
1477,1478
1478,1483
1478,1477
1479,1481
1479,1485
1480,1489
1480,1490
1480,1486
1481,1487
1481,1479
1481,1519
1482,1472
1482,1492
1482,1470
1482,1487
1483,1484
1483,1462
1483,1478
1484,1488
1484,1499
1484,1483
1485,1462
1485,1479
1486,1480
1486,1490
1486,1516
1486,1517
1487,1481
1487,1482
1488,1480
1488,1484
1489,1488
1490,1480
1490,1491
1490,1486
1491,1490
1491,1519
1492,3000
1492,1482
1493,1481
1494,1496
1494,1499
1495,1521
1495,1530
1495,1497
1496,1498
1496,1494
7076,7072
7076,6531
7076,6838
1498,1496
1498,1503
1499,1484
1499,1494
1500,1329
1500,1509
1500,1336
1500,1290
1500,1501
1500,1503
1501,1500
1501,1502
1502,1329
1502,1501
1503,1521
1503,1506
1503,1497
1503,1498
1503,1500
1503,1514
1504,1512
1504,7248
1504,7412
1504,7249
1504,1511
1505,1512
1505,1513
1505,1507
1506,1508
1506,1503
1507,1505
1507,1333
1508,1506
1508,1509
1509,1500
1509,1508
1510,1531
1510,1511
1511,1504
1511,1510
1512,1504
1512,1505
1513,1505
1513,1514
1514,1513
1514,1503
1515,1533
1515,1518
1515,1519
1516,1518
1516,1486
1517,1521
1517,1486
1517,1527
1518,1515
1518,1516
1519,1481
1519,1515
1519,1493
1519,1491
1520,1528
1520,1523
1521,1543
1521,1524
1521,1517
1521,1503
1521,1495
1522,1546
1522,1539
1522,1534
1523,1525
1524,1528
1524,1521
1524,1532
1524,1534
1524,1527
1525,1530
1526,1539
1526,1533
1527,1524
1527,1517
1528,1520
1528,1524
1529,1520
1530,1529
1530,1531
1530,1495
1531,1530
1531,1510
1532,1576
1532,1524
1533,1515
1533,1526
1534,1522
1534,1524
1536,1537
1537,1578
1538,1536
1539,1522
1539,1541
1539,1526
1539,1543
1540,1539
1541,1542
1542,1540
1542,2997
1543,1521
1543,1539
1544,1553
1544,1551
1546,1560
1546,1522
1546,1550
1547,1548
1547,1549
1548,1555
1548,1547
1549,1547
1549,1550
1550,1546
1550,1549
1551,1544
1551,1552
1552,1568
1552,1551
1553,1560
1553,1544
1553,1564
1553,1576
1553,1559
1554,1585
1554,1538
1554,1587
1554,1558
1554,1571
1554,7506
1554,7199
1555,1563
1555,1548
1555,1566
1555,2959
1556,1561
1556,1575
1557,1570
1557,7411
1558,1554
1558,1572
1558,1559
1559,1553
1559,1558
1560,1553
1560,1546
1561,1562
1561,1556
1562,1561
1562,1563
1563,1562
1563,1555
1564,1553
1564,1565
1565,1564
1565,1566
1566,1555
1566,1565
1567,1580
1567,3022
1568,1552
1568,1569
1569,1568
1569,1571
1570,1571
1570,1557
1571,1569
1571,1554
1571,1570
1572,1573
1573,1574
1574,1575
1575,1580
1575,1556
1576,1553
1576,1532
1577,7330
1578,1591
1579,1584
1579,1583
1580,1586
1580,1575
1580,1588
1580,1567
1581,1582
1582,1577
1582,1597
1582,1583
1583,1579
1583,1582
1584,1585
1584,1579
1585,1584
1585,1554
1586,1587
1586,1580
1587,1554
1587,1586
1588,1598
1589,1590
1590,1579
1591,1592
1592,1557
1593,1585
1594,1593
1595,1594
1596,1595
1597,1596
1598,1589
1599,1601
1599,2167
1600,1602
1600,1611
1600,1604
1601,1625
1601,1599
1602,1600
1602,1861
1603,1611
1604,1605
1605,1606
1606,1607
1607,1603
1608,1632
1608,1609
1608,1618
1608,1621
1609,1608
1609,1616
1609,1617
1610,1617
1610,1653
1610,247
1611,1600
1611,1651
1611,1620
1611,1614
1611,1615
1613,251
1613,244
1614,1619
1614,1611
1615,1618
1615,1611
1615,1644
1616,1609
1616,1620
1617,1609
1617,1610
1618,1608
1618,1615
1619,1649
1619,1614
1620,1616
1620,1611
1621,1608
1621,251
1622,2128
1622,1634
1622,1631
1623,1640
1623,1633
1623,1627
1623,252
1623,1639
1624,1632
1624,1641
1624,1644
1624,1633
1625,1601
1625,1635
1625,1644
1626,1634
1626,1627
1626,236
1626,186
1627,1626
1627,1637
1627,1638
1628,1641
1628,1636
1628,1629
1629,1635
1629,1630
1630,2128
1631,1642
1632,1624
1632,1608
1633,1624
1633,1623
1634,1626
1634,1622
1635,1625
1635,1629
1636,1628
1636,1637
1637,1627
1637,1636
1638,184
1638,1627
1638,1639
1639,237
1639,1623
1640,250
1640,1623
1641,1624
1641,1628
1642,1643
1643,1628
1644,1624
1644,1625
1644,1615
1646,241
1646,1652
1646,1669
1646,326
1646,1655
1646,1867
1646,1653
1647,1657
1647,1658
1647,1666
1647,1865
1648,1664
1648,1867
1648,1661
1648,1662
1649,1619
1649,1661
1649,1655
1650,1656
1650,1666
1650,1654
1651,1611
1651,1662
1652,1654
1653,1610
1653,1646
1654,1650
1654,1646
1655,1649
1655,1646
1656,1657
1656,1650
1657,1656
1657,1647
1658,1659
1658,1647
1659,1658
1659,1660
1660,1659
1660,1675
1661,1648
1661,1649
1662,1648
1662,1651
1663,1666
1663,1678
1664,1648
1664,1665
1665,1664
1665,1855
1666,1650
1666,1663
1666,1647
1667,1670
1668,328
1668,1672
1668,1671
1669,1670
1669,1646
1670,1669
1670,1671
1671,329
1671,1667
1671,1668
1672,336
1672,1668
1672,326
1673,1872
1673,1702
1673,1705
1673,1676
1673,1677
1673,1678
1674,1677
1674,1687
1675,1660
1675,1676
1676,1872
1676,1673
1676,1675
1676,1812
1677,1673
1677,1674
1678,1673
1678,1663
1679,1680
1679,1736
1679,1723
1680,1684
1680,1679
1681,1682
1681,1684
1682,1681
1682,1743
1684,1680
1684,1681
1684,1690
1686,1694
1687,1688
1687,1689
1687,1674
1688,1690
1688,1694
1688,1687
1689,1688
1689,1694
1689,1687
1690,1688
1690,1696
1690,1684
1691,1698
1691,1693
1691,1695
1692,1698
1692,1699
1693,1806
1693,1686
1694,1688
1694,1689
1694,1691
1695,1686
1695,1807
1696,1697
1696,1690
1697,1696
1697,1771
1698,1692
1698,1686
1699,1692
1699,1700
1700,1699
1700,1701
1701,1792
1701,1700
1702,1705
1702,1706
1702,1673
1703,1707
1703,1708
1704,1707
1705,1673
1705,1702
1706,618
1706,1707
1706,1702
1707,1704
1707,1706
1707,1703
1708,1703
1708,1711
1709,617
1710,1712
1710,618
1711,1712
1711,1708
1712,1710
1712,1711
1713,1721
1713,1715
1713,1719
1714,1724
1715,1713
1715,1722
1715,1716
1716,1722
1716,1715
1716,1725
1717,1732
1717,1718
1718,1717
1718,1719
1719,1713
1719,1715
1719,1718
1720,1721
1720,1724
1721,1720
1721,1713
1722,1723
1722,1716
1722,1715
1723,1722
1723,1679
1724,1720
1724,1714
1725,1716
1726,1728
1726,1739
1727,1733
1727,1734
1728,1738
1728,1739
1728,1733
1729,1737
1729,1746
1730,1731
1730,1739
1731,1730
1731,1732
1732,1731
1732,1717
1733,1728
1733,1727
1734,1727
1734,1735
1735,1736
1735,1734
1736,1735
1736,1679
1737,1729
1737,1738
1738,1728
1738,1737
1739,1730
1739,1726
1740,1744
1740,1742
1741,1745
1741,1746
1742,1740
1742,1743
1743,1682
1743,1742
1744,1745
1744,1740
1745,1744
1745,1741
1746,1729
1746,1741
1747,1749
1748,1764
1748,1750
1749,1747
1749,1750
1750,1748
1750,1749
1751,1762
1751,1765
1751,1766
1751,1757
1752,1754
1753,1761
1753,1755
1753,1757
1753,1758
1754,1752
1754,1758
1755,1753
1755,1762
1756,1787
1756,1765
1757,1753
1757,1751
1758,1753
1758,1754
1759,1760
1759,1769
1760,1761
1760,1759
1761,1760
1761,1753
1762,1755
1762,1751
1763,1764
1763,1766
1764,1763
1764,1748
1765,1763
1765,1766
1766,1756
1766,1751
1767,1770
1767,1772
1768,1776
1768,1773
1768,1774
1769,1774
1769,1759
1770,1773
1770,1767
1771,1697
1771,1772
1772,1771
1772,1767
1773,1768
1773,1770
1774,1768
1774,1769
1775,1776
1775,1768
1775,1778
1775,1783
1776,1778
1776,1775
1777,1784
1777,1791
1778,1785
1778,1779
1778,1775
1779,1782
1779,1778
1779,1786
1779,3078
1780,1778
1781,1780
1782,1781
1783,1787
1784,1777
1784,1785
1785,1784
1785,1778
1786,1779
1786,1787
1787,1786
1787,1756
1788,1796
1788,1789
1788,1814
1789,1794
1789,1819
1789,1788
1789,1791
1790,1794
1790,1795
1790,1799
1791,1777
1791,1789
1792,1793
1792,1701
1793,1792
1793,1796
1794,1795
1794,1789
1795,1794
1795,1790
1796,1793
1796,1788
1797,1801
1798,1800
1798,1799
1799,1790
1799,1798
1800,1801
1800,1798
1801,1800
1801,1797
1802,1803
1802,1823
1803,1832
1803,1802
1805,1810
1805,1811
1805,1853
1806,1808
1806,1693
1806,1815
1807,1812
1807,1695
1808,1811
1808,1806
1809,1872
1809,1812
1810,1805
1810,1814
1811,1808
1811,1805
1812,1872
1812,1809
1812,1676
1812,1807
1813,1874
1813,1815
1814,1810
1814,1788
1815,1813
1815,1806
1816,1857
1816,1818
1816,1820
1818,1824
1818,1857
1818,1867
1818,1870
1818,1831
1819,1820
1819,1789
1820,1816
1820,1819
1820,1821
1821,1820
1821,1822
1822,1821
1822,1823
1823,1802
1823,1822
1824,1849
1824,1818
1824,1826
1824,1831
1825,1840
1825,1839
1826,1824
1826,1849
1826,1828
1827,1841
1828,1826
1828,1843
1828,1830
1828,1848
1828,1833
1828,1836
1829,1846
1829,1847
1830,1848
1830,2153
1830,1828
1831,1840
1831,1824
1831,1818
1831,1847
1832,1851
1832,1803
1832,1837
1832,1839
1833,1850
1833,1828
1833,1837
1834,1850
1834,1851
1835,1841
1835,1842
1835,2157
1835,1838
1836,1828
1836,1844
1837,1832
1837,1833
1838,1841
1839,1832
1839,1825
1840,1825
1840,1831
1841,1827
1841,1835
1842,1835
1842,1843
1843,1842
1843,1828
1844,1836
1844,1845
1845,1844
1845,1846
1846,1829
1846,1845
1847,1829
1847,1831
1848,1828
1848,1830
1849,1824
1849,1826
1850,1833
1850,1834
1851,1832
1851,1834
1852,1856
1852,1863
1853,1868
1853,1805
1853,1870
1854,1852
1854,1861
1854,1863
1855,1865
1855,1876
1855,1869
1855,1665
1856,1866
1856,1852
1856,1862
1857,1816
1857,1868
1857,1863
1858,1864
1859,1866
1859,1867
1861,1602
1861,1854
1862,1856
1862,1870
1862,1871
1863,1857
1863,1818
1863,1852
1863,1854
1864,1873
1864,1869
1865,1855
1865,1647
1866,1856
1866,1859
1867,1648
1867,1818
1867,1859
1867,1646
1868,1818
1868,1853
1869,1858
1869,1855
1870,1873
1870,1875
1870,1877
1870,1862
1870,1818
1870,1853
1870,1871
1871,1874
1871,1870
1871,1862
1872,1876
1872,1809
1872,1676
1872,1877
1872,1673
1873,1864
1873,1870
1874,1813
1874,1871
1875,1877
1875,1870
1876,1872
1876,1855
1877,1872
1877,1875
1877,1870
1878,1929
1878,1963
1878,1917
1879,1931
1879,1918
1879,1919
1881,1916
1881,1933
1881,1934
1881,1885
1885,1936
1885,1881
1885,1891
1885,1932
1885,270
1886,1920
1886,1924
1887,1949
1887,1965
1888,256
1888,1929
1890,1938
1890,1939
1890,258
1890,1967
1891,1906
1891,1967
1893,1919
1893,1899
1893,1989
1893,1973
1894,2029
1894,1957
1895,1939
1898,177
1898,146
1898,1966
1899,1913
1899,1919
1899,1893
1899,1927
1901,1929
1901,1935
1901,159
1903,1929
1903,1941
1904,1919
1905,1989
1905,1958
1905,1919
1906,1891
1906,1950
1907,1948
1907,1926
1908,1921
1908,210
1909,1922
1909,1925
1910,1929
1912,1986
1912,1989
1913,1899
1913,1923
1913,195
1915,1973
1915,1974
1916,1952
1916,1945
1916,1931
1916,1881
1917,1878
1917,1926
1918,1905
1918,1893
1918,1957
1919,1899
1919,1879
1920,210
1920,1886
1921,146
1921,1908
1922,1921
1922,146
1922,1948
1922,1909
1922,1959
1923,1913
1923,190
1924,1963
1924,1909
1924,1886
1924,1927
1925,1924
1926,1907
1926,1917
1927,1899
1927,1924
1929,1888
1929,1878
1929,1930
1929,1903
1929,1949
1929,1901
1930,1944
1930,1929
1930,1931
1931,1905
1931,1879
1931,1944
1931,1945
1931,1930
1931,1916
1932,1885
1932,1967
1933,1881
1933,1957
1933,1961
1934,1881
1934,2044
1935,1948
1935,1901
1936,1937
1936,1885
1937,1936
1937,285
1938,1890
1938,1916
1939,1890
1939,1940
1939,1895
1940,1939
1940,1943
1941,1942
1941,1903
1942,1941
1942,1967
1943,1940
1943,1965
1944,1930
1944,1931
1945,1938
1948,1922
1948,1907
1948,1935
1949,1929
1949,1887
1950,1906
1950,1951
1951,285
1951,1950
1952,1961
1952,1962
1957,1904
1957,1905
1957,1894
1958,1931
1959,1922
1959,190
1961,1916
1962,1933
1963,1924
1963,1878
1965,177
1965,1943
1965,1887
1966,177
1966,1898
1966,259
1967,1938
1967,1891
1967,1932
1967,1942
1969,2001
1969,1975
1970,2012
1970,2006
1972,2408
1972,2019
1973,1915
1973,1893
1974,2001
1974,1915
1975,1969
1975,2087
1978,1979
1979,207
1980,2412
1980,2406
1981,1996
1981,2006
1983,1993
1983,2013
1986,1912
1986,2049
1986,2014
1988,1992
1988,2016
1989,1912
1989,1905
1989,1893
1991,1992
1991,2019
1991,1997
1992,1988
1992,1991
1993,1997
1993,1983
1996,2244
1997,1993
1997,2023
1997,1991
2001,1969
2001,1974
2006,1970
2006,1981
2010,1981
2012,1970
2012,2013
2013,2012
2013,1983
2014,2016
2014,1986
2016,1988
2016,2014
336,1672
336,337
336,338
336,357
2018,1991
2019,2018
2019,1972
337,336
337,335
2024,2430
2024,2031
2025,2047
2026,2059
2026,2388
2027,2080
2027,2040
2027,2046
2028,2032
2028,8058
2028,2044
2028,285
2028,2079
338,336
338,339
2030,2045
2030,2031
2031,2024
2031,2030
2032,2028
2032,2036
2034,2056
2034,2057
2034,2052
2035,2069
2035,2071
2036,2032
2036,2045
2036,2071
3337,3330
3337,3634
2039,2049
2039,2063
2040,2072
2040,2027
2042,2043
2042,2029
2043,2042
2043,2044
2044,2043
2044,2028
2044,1934
2045,2036
2045,2029
2045,2030
2045,2071
2046,280
2046,2027
2046,2062
2047,2048
2047,2025
2048,2073
2048,2058
2048,2047
2049,1986
2049,2039
2052,2034
2056,2034
2056,2068
2057,2433
2057,2034
2058,2048
2058,2059
2058,2070
2058,2910
2059,2026
2059,2060
2059,2058
2059,2910
2060,2059
2060,2061
2061,2060
2061,2077
2062,2077
2062,2046
2063,2029
2063,2039
2068,2056
2068,2069
2069,2035
2069,2068
2070,2073
2070,2058
2071,2072
2071,2035
2071,2036
2071,2045
2072,2040
2072,2071
2073,2048
2073,2070
2077,2061
2077,2062
2079,2080
2079,2028
2080,2027
2080,2079
2083,2098
2083,2091
2084,2088
2084,2087
2084,2093
2084,2086
2084,2095
2085,2110
2085,187
2085,2094
2085,182
2086,2084
2087,2105
2087,2115
2087,2084
2087,1975
2088,2096
2088,2097
2088,2084
2089,2268
2089,2101
2090,2111
2090,2103
2091,2083
2091,2092
2092,2091
2092,2197
2093,2084
2093,2109
2094,2099
2095,2113
2095,2102
2096,2088
2096,2122
2096,2099
2097,2088
2097,2098
2098,2097
2098,2083
2099,2096
2099,2117
2100,2104
2100,2113
2100,2090
2101,2089
2101,2102
2102,2084
2102,2101
2103,2100
2104,2105
2104,2100
2105,2104
2105,2087
2107,2115
2107,2108
2108,2107
2108,2109
2109,2108
2109,2117
2109,2093
2110,2109
2111,2112
2111,2090
2112,2275
2112,2111
2113,2100
2113,2084
2115,2107
2115,2087
2117,2085
2117,2110
2120,2147
2121,2148
2122,2096
2122,2130
2122,2131
2123,2161
2123,2146
2123,2150
2123,2151
2124,2145
2124,2174
2125,2136
2125,2150
2126,2178
2126,2127
2127,2128
2127,2126
2128,2129
2128,1622
2128,2127
2129,2144
2129,2128
2129,2133
2130,2122
2130,2133
2131,2122
2131,2151
2133,2129
2133,2130
2134,2149
2134,2150
2135,2125
2136,2137
2136,2125
2137,2136
2137,2138
2137,2142
2138,2121
2139,2120
2140,2135
2141,2140
2142,2137
2142,2139
2142,2206
2144,2129
2144,2146
2145,2124
2145,2172
2145,2149
2146,2144
2146,2123
2147,2141
2148,2142
2149,2145
2149,2134
2150,2123
2150,2125
2150,2134
2150,2151
2151,2123
2151,2131
2151,2150
2153,2168
2153,2166
2153,2156
2153,2158
2153,1830
2154,2162
2154,2155
2155,2154
2155,2167
2156,2153
2156,2177
2157,1835
2157,2158
2158,2157
2158,1830
2160,2161
2160,2178
2161,2160
2161,2123
2162,2154
2162,2173
2163,2164
2163,2173
2164,2168
2164,2163
2165,2153
2165,2163
2166,2179
2167,2155
2167,2166
2167,1599
2168,2153
2168,2164
2169,2186
2169,2170
2170,2169
2170,2171
2170,2201
2171,2170
2171,2172
2172,2145
2172,2171
2173,2162
2173,2163
2174,2124
2174,2175
2175,2176
2175,2174
2176,2177
2176,2175
2177,2176
2177,2156
2178,2165
2179,2160
2179,2126
2180,2184
2180,2186
2180,2187
2181,2184
2181,2182
2182,2181
2183,2185
2183,2187
2184,2180
2184,2181
2185,3072
2185,3074
2185,2183
2186,2169
2186,2180
2187,2180
2187,2183
2188,2189
2188,2190
2189,2204
2189,2188
2190,2188
2190,2191
2191,2209
2191,2190
2192,2194
2193,2199
2194,2200
2194,2195
2195,2194
2195,2196
2195,2198
2196,2195
2196,2197
2197,2092
2197,2196
2197,2206
2197,2198
2198,2195
2198,2277
2198,2197
2199,2200
2199,2201
2199,2203
2199,2193
2200,2194
2200,2199
2201,2170
2201,2199
2202,2192
2203,2202
2203,2205
2203,2199
2204,2189
2204,2205
2205,2203
2205,2204
2206,2197
2206,2142
2207,2225
2207,2219
2208,10436
2208,2223
2209,2212
2209,2191
2210,2226
2210,10799
2211,2216
2211,10443
2212,2209
2212,2227
2213,2210
2214,2227
10407,10466
2216,2211
2216,2220
10409,10410
10409,10411
10409,10413
10410,10409
10410,10514
10410,10516
10410,10421
10410,10452
10411,10409
10411,10418
2220,2224
2220,2216
2221,2219
2221,2222
10414,10452
2223,2208
2223,2224
2224,2215
10417,2505
10417,10418
10417,10413
10417,10414
10418,10416
10418,10417
10418,10411
2227,2212
2227,2228
2228,2207
10421,10513
10421,10940
10421,10515
10421,10516
10421,10452
2230,2259
2230,2247
2231,2241
2231,2236
2231,2245
2231,2255
2232,2255
10425,10800
10425,10426
10425,10435
10425,10879
2234,2265
2234,2347
2235,2346
2235,2341
2235,2261
2236,2248
2236,2276
2236,2231
2237,2249
2237,2250
2237,2243
2237,2244
2238,2010
10432,10885
10432,10442
10432,10858
10432,10854
10432,10887
2241,2240
2241,2245
2241,2263
2241,2265
2241,2234
2241,2231
10434,10465
10434,10779
10434,10788
10434,10790
10435,10800
10435,10425
10435,10924
10436,2208
10436,10924
2245,2241
2245,2258
2245,2259
2245,2231
10438,10880
10438,10912
10438,10470
10438,10476
10438,10877
10438,10910
10439,10832
10439,10837
10439,10911
2248,2249
2248,2236
2249,2248
2249,2237
10442,10432
10442,10858
10442,10852
10442,10853
10443,10441
10443,2211
10444,10801
10444,10852
2253,2233
2253,2246
2253,2254
2254,2253
2254,2255
2255,2254
2255,2231
2256,2257
2256,2308
10449,10904
10449,10489
10449,10474
10449,10494
10450,10697
10450,10906
2259,2245
2259,2230
2260,2264
2260,2240
2261,2242
2261,2260
2262,2235
2262,2263
2263,2240
2263,2262
2264,2261
2265,2233
2265,2234
2265,2241
2268,2273
2268,2276
2268,2270
2268,2089
2269,2283
2269,2270
2270,2268
2270,2269
10464,10465
10464,10466
10464,10789
2273,2274
2273,2268
10466,10465
10466,10467
10466,3308
10467,10466
10467,10834
10468,10856
10468,10876
10468,10908
10469,10833
10469,10493
10469,10934
10469,10775
10469,10471
10469,10877
10469,10495
10470,10481
10470,10476
10470,10910
10471,10925
10471,10482
10471,10483
10471,10469
10471,10486
10471,10487
10471,10489
10471,10429
10471,10902
10471,10493
2280,2281
2280,2282
2280,2279
2281,2280
2281,2282
2281,2286
2281,2287
10474,10496
10474,10472
10474,10391
10474,10904
10474,10489
10474,10449
10474,10475
10475,10474
10475,10508
10476,10912
10476,10481
10476,10470
10476,10438
10476,10910
10477,10486
10477,10454
10478,10429
2287,2288
2287,2281
10480,10481
10480,10495
10481,10480
10481,10877
10481,10470
10482,10792
10482,10497
10482,10489
10482,10429
10482,10775
10483,10471
10483,10484
10483,10933
10483,10902
10483,10429
10484,10851
10484,10483
10484,10724
10484,10517
10484,10723
2293,2292
2293,2278
10486,10489
10486,10491
10486,10477
10486,10471
10487,10490
10487,10471
10488,10496
10488,10793
2297,2290
2297,2291
2297,2294
2297,2295
10490,10473
10490,10926
10490,10487
10491,10764
10491,10765
10491,10486
10491,10927
10492,10925
10492,10926
10492,10487
10493,10933
10493,10902
10494,10488
10494,10793
10494,10449
10494,10489
10494,10391
10495,10480
10495,10775
10495,10469
10495,10934
10495,10935
10496,10488
10496,10474
10497,10908
2306,2256
2307,2363
2307,2309
2308,2306
2309,10426
2309,2307
2310,2301
2310,2222
2311,2325
2311,2357
2312,2319
10506,10762
10506,10764
10507,10475
10507,10508
10507,10509
10508,10507
10508,10593
10508,10475
10509,10512
10509,10507
10510,10592
10510,10513
10511,10512
10511,10939
10511,10798
10512,10509
10512,10511
2321,2322
2321,2247
2322,2360
2322,2321
2322,2357
2322,2247
10515,10913
10515,10421
10516,10514
10517,10851
10517,10723
10517,10484
2326,2331
2326,2325
2329,2330
2329,2365
2330,2329
2330,2331
2331,2320
2331,2330
2331,2326
2332,2324
2332,2316
2333,2334
2334,2312
10529,10946
10529,10766
2340,2341
2341,2317
2341,2262
2342,2333
2343,2344
2343,2347
2344,2352
2344,2343
2345,2346
2345,2347
2346,2345
2346,2235
2347,2345
2347,2234
2347,2343
2347,2265
2348,2350
2348,2351
2349,2323
2349,2350
2350,2348
2350,2349
2351,2348
2351,2407
2352,2344
2352,2401
2353,2354
2353,2378
2354,2353
2354,2359
2357,2360
2357,2322
2357,2364
2357,2311
2358,2362
2358,2363
2359,2354
2359,2364
2360,2322
2360,2357
2362,2257
2362,2358
2362,2247
2363,2288
2363,2307
2363,2358
2364,2369
2364,2357
2364,2373
2364,2359
2365,2329
2365,2371
2366,2369
2366,2370
2366,2387
2367,2382
2367,2375
2368,2369
2368,2382
2368,2377
2369,2368
2369,2370
2369,2364
2369,2373
2369,2366
2370,2369
2370,2366
2371,2552
2371,2372
2371,2365
2372,2371
2372,2373
2373,2369
2373,2372
2373,2550
2373,2364
2374,2376
2375,10720
2375,2367
2376,2375
2377,2368
2377,2378
2378,2353
2378,2377
2381,2375
2382,2368
2382,2374
2382,2367
2383,2384
2383,2505
2384,2385
2384,2383
2385,2384
2385,2386
2386,2385
2386,2387
10579,10578
10579,10598
10580,10578
10580,10452
10580,10733
2390,2432
2392,2430
2395,2401
2395,2398
2396,2421
2396,2407
2397,2441
2397,2445
2398,2395
2398,2412
2398,2439
2399,2428
2399,2423
10592,10593
10592,10510
10593,10592
10593,10508
2402,2432
2402,2449
2403,2443
2403,2399
2406,2408
2406,1980
10599,10579
2408,1972
2408,2406
2412,1980
2412,2398
2417,2435
2419,2432
2419,2465
2419,2466
2419,2390
2421,2396
2421,2429
2421,2422
2422,2421
2422,2423
2423,2426
2423,2422
2423,2399
2424,2438
2426,2403
2427,2399
2428,2392
2429,2421
2429,2439
2430,2024
2430,2442
2430,2427
2431,2450
2432,2402
2432,2419
2432,2388
2433,2057
2433,2388
2435,2446
2435,2445
2435,2462
2435,2470
2437,2443
2438,2437
2439,2429
2439,2398
2441,2430
2442,2435
2442,2470
2442,2462
2443,2424
2443,2403
2445,2417
2445,2451
2445,2397
2446,2397
2449,2452
10642,10643
10642,10893
10642,10663
10643,10642
10643,10788
2452,2445
2453,2488
2453,2474
2454,2473
2454,2468
2455,2473
2455,2475
2455,2462
2456,2475
2456,2459
2456,2589
2457,2460
2457,2461
2457,2469
2458,2465
2458,2469
2459,2456
2459,2472
2459,2475
2460,2457
2460,2487
2461,2457
2461,2474
2462,2397
2462,2455
2463,2467
2463,2471
2465,2458
2465,2419
2466,2419
2466,2467
2467,2466
2467,2454
2468,2470
2468,2463
10661,10662
2471,2468
2471,2469
2471,2454
2472,2560
2472,2459
2473,2468
2473,2455
2474,2453
2474,2461
2475,2456
2475,2455
2479,2453
2480,2499
2485,2480
2485,2498
2485,2490
2486,2492
2487,2460
2487,2492
2488,2489
2489,2493
2489,2479
2490,2491
2490,2485
2491,2490
2491,2494
2492,2500
2492,2487
2493,2489
2493,2495
2494,2491
2494,2495
2495,2493
2495,2494
10688,10832
10688,10836
2498,2485
2499,2486
10692,10806
10693,10692
10694,10697
10694,10473
2503,2550
2503,2556
2503,2549
2503,2534
10696,10701
10696,10703
2505,2517
2505,2509
2505,2383
10698,10832
10698,10699
10698,10836
10699,10698
10699,10830
2508,2633
2508,2674
2508,2540
2508,2511
10701,10696
10701,10695
2510,2504
2510,2555
2510,2526
2511,2544
2511,2512
2511,2540
2511,2539
2511,2508
2511,2556
2511,2526
2511,2527
2512,2544
2512,2553
2512,2528
2512,2511
10705,10704
2514,2529
2514,2543
2515,2538
2515,2548
2515,2557
2516,10415
2517,2505
2517,2509
2518,2509
2518,2519
2519,2520
2519,2554
2520,2521
2520,2519
2521,2520
2521,2524
2523,2558
2524,2504
2524,2521
2525,2504
2525,2555
2526,2511
2526,2510
2526,2527
2527,2526
2527,2511
10720,10888
10720,10416
10720,10516
10720,2381
10720,10879
10721,10722
10721,10906
10721,10909
10722,10721
10722,10909
10723,10724
10723,10804
10723,10517
10723,10805
10724,10723
10724,10517
2533,2532
2533,2534
2534,2533
2534,2503
2538,2515
2538,2539
2539,2538
2539,2532
2539,2511
2540,2508
2540,2511
2541,2548
2541,2542
2542,2541
2542,2543
2543,2514
2543,2506
2543,2542
2544,2512
2544,2511
2548,2515
2548,2541
2549,2550
2549,2503
10742,10888
10742,10743
10743,10878
10743,10742
2552,2371
2552,2551
2553,2512
2553,2657
2554,2518
2555,2525
2555,2510
2556,2503
2556,2557
2556,2511
2557,2506
2557,2515
2558,2504
2559,2586
2559,2574
2560,2472
2560,2604
2561,2579
2561,2597
2564,2569
2564,2595
2564,2677
2564,2573
2566,2576
2566,2593
2566,2606
2566,2567
2567,2576
2567,2513
2567,2581
2567,2566
2567,2583
2567,2528
2569,2564
2569,2572
10762,10764
10762,10766
2571,2570
2571,2572
10764,10506
10764,10491
10764,10762
10764,10765
10765,10763
10765,10764
10765,10491
10766,10529
10766,10762
2575,2609
2575,2593
2576,2566
2576,2567
2579,2561
2580,2601
2581,2582
2581,2567
2582,2661
2582,2581
10775,10786
10775,10877
10776,10777
10776,10778
10777,10776
10777,10779
10778,10776
10778,10791
10779,10777
10779,10434
2588,2605
2588,2591
2589,2456
2589,2602
2589,2459
2589,2590
2590,2589
2590,2591
10783,10784
10783,10390
10783,10854
10783,10885
10784,10787
10784,10783
2593,2592
2593,2606
2593,2605
2593,2566
2593,2575
10786,10482
10787,10784
10787,10792
10788,10434
10788,10643
10788,10790
10789,10464
10789,10434
10789,10790
2598,2597
2598,2599
10791,10434
10791,10788
10791,10778
10791,10790
10792,10785
10792,10482
10792,10787
10793,10800
10793,10416
10793,10796
10793,10878
10793,10494
10794,10443
10794,10924
10795,10800
10795,10802
2604,2560
2604,2599
10797,10801
10797,10446
2606,2641
2606,2677
2606,2566
2606,2593
2606,2603
2606,2588
2606,2605
10799,10928
10799,2226
10800,10416
10800,10801
10800,10435
10800,10425
10800,10793
10800,10890
10800,10795
10800,10798
10801,10444
10801,10797
10802,10795
10802,10446
10802,10447
2611,2660
2611,2610
2611,2676
2611,2661
10804,10913
10804,10723
10804,10805
10804,10806
10805,10804
10805,10916
10805,10846
10806,10913
10806,10804
10806,10693
2615,2625
2615,2628
2615,2629
2615,2616
2615,2762
2615,2677
2616,2626
2616,2677
2616,2615
2617,8747
2617,8868
2617,8871
2617,2622
2617,8879
2618,2674
2618,2614
2619,2659
2619,2612
2619,2613
2620,2686
2620,8871
2621,2686
2621,2639
2622,2617
2622,2630
2622,2631
2623,2609
2623,2610
2623,2676
2624,2625
2624,2763
10817,10938
10817,10815
10818,10816
10818,10815
2627,2628
2627,2716
10820,10818
2629,2677
2630,2622
2630,2639
2631,2622
2631,2671
2632,2615
2633,2508
2633,2638
2635,2656
2635,2638
10829,10704
10829,10830
10830,10698
10830,10699
10830,10829
2639,2621
2639,2630
10832,10688
10832,10698
10832,10439
2641,2595
2641,2606
10834,10833
10834,10467
10835,10880
10835,10868
10835,10911
10836,10938
10836,10838
10837,10439
10837,10831
10838,10832
10838,10688
10838,10938
10838,10831
10839,10850
10839,10780
10840,10850
10840,10851
10841,10851
10841,10780
2650,2649
2651,2610
2651,2650
2651,2655
2652,2655
2653,2652
10846,10440
10846,10848
10846,10883
10846,10916
10846,10805
10847,10440
10847,10892
10847,10846
10848,10440
10848,10850
10848,10883
10848,10894
10848,10846
10849,10440
10849,10846
10849,10894
10850,10848
10850,10840
10850,10839
10851,10840
10851,10841
10851,10484
10851,10517
10852,10857
10852,10442
10852,10860
10852,10444
10852,10441
10853,10856
10853,10442
10853,10860
10854,10432
10854,10783
10855,10857
10855,10796
10856,10468
10856,10853
10856,10429
10857,10852
10857,10855
10858,10432
10858,10442
10858,10887
10859,10853
10860,10852
10860,10853
10861,10859
10862,10861
10863,10869
2672,2673
2673,2664
2673,2666
2673,2610
2674,2618
2674,2508
2675,2666
2675,2668
10868,10816
10868,10835
10869,10862
2678,2673
2679,2647
2679,2655
2681,2703
2682,2689
2682,2698
2682,2701
2683,2728
2683,2702
10876,10472
10876,10468
10877,10912
10877,10480
10877,10469
10877,10470
10877,10472
10877,10489
10877,10476
10877,10429
10877,10478
10878,10879
10878,10743
10879,10425
10879,10878
10880,10910
10880,10835
10880,10438
10880,10886
2689,2682
2689,2687
2690,2729
2690,2691
10883,10915
10883,10892
10883,10846
10883,10847
2692,2699
2692,2693
10885,10889
10885,10783
10886,10880
10887,10432
10887,10858
10887,10891
10888,10720
10888,10416
10888,10742
10889,10432
10890,10425
10891,10663
10891,10887
10892,10440
10892,10805
10892,10846
2701,2729
2701,2684
2701,2702
2702,2683
2702,2701
2703,2686
2704,2688
2704,8751
2705,2729
2705,2647
2706,2708
2706,2710
2707,2664
2707,2727
10900,10921
10900,10901
10901,10900
10901,10902
10902,10901
10902,10483
10902,10429
10902,10471
10902,10493
10903,10904
10903,10429
10904,10449
10904,10485
10904,10903
10905,10472
10905,10485
10906,10722
10906,10450
10907,10482
10908,10907
10908,10468
10909,10722
10909,10763
10910,10911
10911,10912
10911,10833
10911,10877
10911,10438
10911,10439
10912,10880
10912,10476
10912,3124
10912,10438
10912,10911
10913,10515
10913,10804
10913,10806
2722,2729
2722,2727
10915,10883
10915,9037
10916,10915
10916,10883
2725,2724
2725,2726
2726,2725
2726,2695
2727,2722
2727,2707
2728,2620
2728,2686
2729,2705
2729,2690
2729,2730
2729,2684
2729,2685
2729,2701
2730,2729
2731,2784
2731,2788
2731,2739
2731,2740
2731,2741
10924,10920
10924,10794
10924,10435
10924,10436
2733,2792
2733,2764
2733,2742
10926,10490
10926,10492
2735,2768
2735,2737
2735,2734
2736,2738
2737,2736
2737,2760
2737,2754
2737,2742
2737,2735
2738,2737
2738,2754
2738,2739
2738,2813
2739,2738
2739,2731
2739,2789
2739,2787
2740,2761
2740,2731
2740,2780
2741,2761
2741,2762
2741,2763
10934,10469
10934,10935
10935,10470
10935,10934
10935,10495
2744,2774
2745,2744
10938,10688
10938,10817
10938,10838
10939,10940
10939,10798
10939,10511
2748,2781
2749,2752
2749,2781
2749,2782
2749,2750
2750,2766
2750,2749
2750,2797
2750,2782
2750,2783
2751,2570
2751,2732
2752,2749
2752,2734
2752,2759
2753,2732
2754,2742
2755,2859
2755,2756
2756,2857
2756,2755
2756,2757
2757,2756
2757,2758
2758,2757
2758,2759
2759,2752
2759,2758
2760,2783
2761,2740
2761,2741
2762,2784
2762,2763
2762,2741
2762,2615
2763,2624
2763,2762
2763,2615
2764,2952
2764,2733
2766,2787
2766,2750
2768,2771
2768,2735
2769,2768
2770,2769
2771,2770
2771,2773
2772,2771
2773,2745
2773,2772
2774,2773
2775,2776
2775,2889
2776,2777
2776,2775
2777,2776
2777,2778
2778,2777
2778,2795
2778,2742
2779,2700
2779,2780
2780,2779
2780,2740
2781,2748
2781,2749
2782,2749
2782,2750
2783,2750
2783,2735
2784,2762
2784,2731
2785,2786
2785,2796
2786,2785
2786,2789
2787,2731
2787,2766
2789,2786
2789,2739
2790,2936
2790,2798
2791,2792
2791,2798
2792,2733
2792,2791
2794,2795
2794,2949
2795,2794
2795,2778
2796,2797
2796,2743
2797,2785
2797,2796
2797,2750
2798,2790
2798,2791
2799,2715
2799,2700
2802,2940
2257,2256
2257,2258
2257,2362
2804,2810
2804,2811
2807,2808
2807,2802
2808,2809
2808,2807
2809,2808
2809,2810
2810,2809
2810,2804
2811,2804
2811,2812
2812,2811
2812,2813
2813,2738
2813,2812
2814,2807
2816,2822
2816,2823
2817,2820
2817,2743
2818,2824
2818,2825
2819,2826
2819,2853
2820,2817
2820,2821
2821,2820
2821,2822
2822,2816
2822,2821
2823,2824
2823,2816
2824,2818
2824,2823
2825,2826
2825,2818
2826,2825
2826,2819
2835,2837
2835,8119
2836,2849
2837,2835
2837,2843
2837,2845
2837,2854
2838,2848
2838,2849
2838,2842
2839,2842
2839,2852
2839,2850
2840,8104
2840,2850
2842,2848
2842,2838
2842,2839
2843,2844
2843,2837
2844,2843
2844,2845
2845,2844
2845,2846
2845,2847
2846,2845
2846,2847
2847,2848
2847,2846
2848,2838
2848,2847
2849,2836
2849,2838
2850,2840
2850,2851
2851,2840
2851,2850
2851,2852
2852,2851
2852,2839
2853,2819
2853,2854
2854,2837
2854,2853
2857,2862
2858,2859
2858,2861
2859,2864
2859,2858
2859,2755
2860,8076
2860,2861
2861,2858
2861,2860
2862,2857
2862,2863
2863,2864
2863,2862
2864,2859
2864,2863
2868,2872
2868,2876
2868,2878
2869,2877
2869,2871
2870,2871
2871,2869
2871,2870
2872,2873
2872,7395
2872,2868
2873,2874
2874,2875
2875,2890
2876,2868
2876,2877
2877,2876
2877,2869
2878,2868
2878,7367
2278,2293
2278,2279
2882,2888
2882,2891
3211,3332
3211,3086
2888,2889
2888,2882
2889,2888
2889,2775
2890,2948
2890,2868
2891,2882
2891,2892
2892,3025
2892,3041
2893,2891
2893,2892
2893,3047
2895,2908
2895,2901
2896,292
2896,2900
2896,2910
2897,2900
2897,2910
2897,2903
2898,2905
2898,1386
2899,1393
2899,2906
2900,2896
2900,2905
2900,2903
2901,2902
2902,2909
2903,2907
2904,2932
2904,2895
2905,2897
2905,2898
2905,2906
2906,2905
2906,2899
2907,2904
2908,2920
2909,2900
2910,2058
2910,2059
2910,2900
2911,2913
2911,2914
2912,2932
2913,2928
2913,2911
2913,2918
2913,2942
2913,2927
2914,2922
2914,2923
2914,2917
2914,2911
2915,2925
2915,2926
2915,2927
2916,2917
2916,2983
2917,2914
2917,2931
2917,2916
2918,2913
2918,2919
2919,2920
2919,2918
2920,2895
2920,2919
2921,2922
2921,2988
2922,2921
2922,2914
2923,2914
2923,2924
2924,2923
2924,2925
2925,2915
2925,2924
2926,2912
2926,2915
2926,2932
2927,2913
2927,2915
2928,2913
2929,1403
2929,2926
2930,2931
2930,2917
2931,1419
2932,2929
2932,2926
2932,2895
2935,2937
2936,2790
2936,2943
2937,2938
2937,2943
2938,2939
2939,2944
2940,2944
2940,2814
2941,2944
2941,2942
2942,2913
2942,2941
2943,2936
2943,2937
2944,2957
2944,2939
2944,2940
2944,2941
2944,2935
2946,2994
2946,2947
2946,2954
2946,2971
2946,2957
2946,2975
2947,2946
2947,2948
2947,2957
2948,2890
2948,3019
2948,2947
2949,2794
2949,2955
2950,2953
2950,2955
2951,2952
2951,2956
2952,2764
2952,2951
2953,2946
2954,2950
2955,2949
2955,2950
2956,2944
2956,2946
2956,2947
2957,2956
2957,2951
2958,2968
2958,3019
2959,2992
2959,2978
2959,1555
2959,2974
2960,2976
2960,2985
2960,2962
2961,2962
2961,2987
2961,2966
2961,2991
2962,2960
2962,2976
2962,2979
2962,2991
2963,2976
2963,2977
2963,2995
2964,2977
2964,2978
2965,2984
2965,2999
2966,2960
2966,2961
2966,2986
2966,2985
2968,2994
2968,2958
2969,2993
2969,2972
2969,3012
2971,2946
2971,2999
2972,2969
2972,2975
2973,2993
2973,2974
2974,2973
2974,2959
2975,2946
2975,2972
2976,2963
2976,2996
2977,2963
2977,2964
2978,2964
2978,2959
2979,2961
2979,2962
2979,2980
2979,2981
2980,2979
2980,2981
2981,2979
2981,2980
2981,2998
2981,2982
2982,2981
2982,2983
2983,3000
2983,2916
2983,2982
2984,2986
2984,2965
2985,2960
2985,2966
2986,2984
2986,2966
2987,2961
2987,2988
2988,2921
2988,2987
2991,2961
2991,2962
2992,2995
2992,2959
2993,2969
2993,2973
2994,2968
2994,2946
2995,2992
2995,2963
2996,2962
2997,1542
2997,2998
2998,2981
2998,2997
2999,2971
2999,2965
3000,1492
3000,2983
3003,3024
3003,3018
3003,3004
3004,3003
3004,3005
3005,3004
3005,3035
3005,3028
3005,3019
3006,3008
3006,3024
3007,3026
3007,3027
3008,3021
3008,3006
3009,3010
3009,3030
3010,3033
3011,3036
3012,2969
3012,3018
3012,3011
3012,3022
3012,3023
3013,3009
3013,7186
3013,3014
3013,7334
3014,3033
3014,3013
3014,3015
3015,3016
3015,3014
3016,3023
3016,3015
3017,3033
3017,3018
3018,3017
3018,3003
3018,3014
3019,2948
3019,3005
3019,2958
3020,3021
3020,3031
3021,3008
3021,3020
3022,3012
3022,1567
3023,3016
3023,3012
3024,3003
3024,3006
3025,3026
3025,2893
3026,3025
3026,3007
3027,3028
3027,3007
3028,3027
3028,3005
3029,3004
3030,3009
3030,3034
3031,3032
3031,3020
3032,3034
3032,3031
3033,3017
3033,3014
3034,3032
3034,3030
3035,3012
3036,3029
3038,3040
3038,7327
3039,3050
3039,2893
3040,3041
3040,3038
3041,3040
3041,3042
3042,3041
3042,3043
3043,3042
3043,3044
3044,3043
3044,3045
3045,3044
3045,3046
3046,3045
3046,3047
3047,2893
3047,3046
3047,3039
3048,3049
3048,3051
3049,3048
3049,3050
3049,3053
3050,3049
3050,3047
3051,3048
3051,7329
3052,3053
3053,3049
3053,3052
3054,3169
3054,3090
3054,3174
3054,3166
3054,3069
3056,3615
3056,3430
3056,3199
3057,3120
3057,3618
3057,3610
3059,3212
3059,3213
2284,2282
2284,2277
3063,3192
3063,3193
3065,3324
3065,3326
3066,3120
3066,3145
3067,3176
3068,3165
3068,3087
3069,3168
3069,3054
3070,3184
3070,3084
3070,3071
3071,3185
3071,3061
3071,3070
3071,3625
3072,3074
3072,3116
3073,3074
3073,3325
3073,3327
3074,3072
3074,2185
3074,3073
3075,3076
3075,3109
3075,3269
3076,3075
3076,3269
3076,3111
3078,1779
3078,3109
5525,5516
5525,5518
3082,3516
3084,3061
3085,3128
3086,3211
3086,3199
3087,3092
3087,3162
3087,3068
3088,3089
3088,3092
3089,3088
3089,3518
3090,3170
3090,3054
3091,3170
3091,3171
3092,3088
3092,3087
3093,3094
3093,3095
3094,3162
3094,3093
3095,3096
3095,3331
3095,3332
3095,3093
3096,3097
3096,3106
3096,3095
3097,3096
3097,3103
3098,3103
3099,3100
3099,4726
3099,4727
3100,3099
3100,3103
3101,4380
3101,3103
3103,3097
3103,3098
3103,3100
3103,3101
7331,7332
7331,7327
3106,3096
3106,3331
3106,3332
3109,3075
3109,3078
3110,3112
3110,3111
3111,3076
3111,3110
3112,3113
3112,3110
3113,3112
3113,3114
3114,3113
3114,3115
3115,3114
3115,3116
3116,3072
3116,3115
3120,3057
3120,3130
3120,3139
3120,3066
3123,3124
3123,3308
3124,10912
3124,3123
3125,3129
3125,3308
3128,3305
3128,3306
3128,3307
3128,3301
3129,3125
3130,3624
3130,3120
3130,3504
3131,3497
3131,3489
3132,3491
3132,3133
3133,3153
3133,3132
3133,3503
3136,3137
3137,3136
3137,3150
3139,3120
3139,3157
3105,3162
3142,3610
3142,3484
3143,3484
3143,3156
3144,3306
3144,3156
3145,3146
3145,3066
10697,10450
10697,10694
10697,10695
3147,3634
3147,3636
3147,3146
3149,3150
3150,3137
3150,3149
3152,3480
3152,3479
3153,3155
3153,3133
5531,5592
5531,5593
5531,5523
3155,3153
3155,3490
3155,3502
3156,3144
3156,3143
3157,3139
3158,3160
3158,3173
3159,3172
3159,3173
3160,3158
3160,3175
3161,3162
3161,3164
3162,3169
3162,3163
3162,3094
3162,3105
3162,3161
3162,3179
3162,3087
3163,3162
3163,3174
3164,3161
3164,3167
3165,3176
3165,3068
3165,3166
3166,3165
3166,3054
3167,3168
3167,3164
3168,3069
3168,3167
3169,3162
3169,3500
3169,3054
3170,3090
3170,3501
3171,3091
3171,3172
3172,3171
3172,3159
3173,3158
3173,3159
3174,3163
3174,3054
3175,3160
3175,481
3176,3178
3176,3067
3176,3165
3177,3184
3177,3178
3178,3176
3178,3177
3179,3162
3179,3181
3180,3179
2288,2363
2288,2287
3182,3186
3182,3183
3183,3625
3183,3182
3184,3177
3184,3070
3185,3186
3185,3084
3186,3185
3186,3196
3186,3182
3187,3196
3187,3188
3188,3187
3188,3189
3189,3188
3190,3197
3190,3061
3191,3192
3191,3197
3192,3191
3192,3063
3193,3194
3193,3063
3194,3193
3194,3195
3194,3327
3195,3194
3195,3198
3196,3186
3196,3187
10472,10905
10472,10876
10472,10478
10472,10479
3198,3195
3198,3269
3199,3056
3199,3481
3199,3086
3199,3614
3200,3201
3200,3430
3201,3200
3201,3202
3202,3201
3202,3203
3203,3336
3203,3202
3204,3205
3204,3614
3205,3204
3205,3228
3206,3217
3206,3430
3207,3208
3207,3217
3208,3209
3208,3207
3209,3208
3209,3210
3210,3216
3210,3209
2289,2296
2289,2305
3212,3059
3213,3224
3213,3059
3214,3224
3214,3215
3215,3216
3215,3214
3216,3210
3216,3215
3217,3206
3217,3207
537,536
537,533
3224,3213
3224,3214
3228,3205
3228,3518
538,533
538,535
539,540
539,598
539,597
539,534
2290,2297
2290,2301
7367,7368
7367,2878
2531,2530
2531,2532
541,554
541,543
542,635
542,662
3269,3075
3269,3076
3269,3198
3270,3326
3270,3327
2291,2297
2291,2294
8738,8943
8742,8883
3305,3128
3306,3144
3306,3307
3306,3085
8743,8744
8743,8754
3308,10833
3308,3314
3308,3123
3308,3125
3308,10407
3309,3307
3309,3310
3310,3309
3310,3311
3311,3310
3311,3079
3312,3313
3312,3079
8744,8865
8744,8743
3314,3308
3314,3316
3315,3313
3316,3314
3316,3317
3317,3316
3317,3318
3318,3317
3318,3319
8745,8870
3320,3321
3320,3319
3321,3320
3321,3322
3322,3321
3322,3323
3322,3327
3323,3322
3323,3327
3324,3065
3324,3325
8746,8747
8746,8869
3326,3065
3326,3270
3327,3322
3327,3323
3327,3194
3327,3270
3330,3337
3330,3335
8747,2617
8747,8746
3332,3331
3332,3211
3333,3336
3333,3623
3334,3335
3334,3623
3335,3626
3335,3330
3335,3334
3336,3345
3336,3203
3336,3333
556,547
556,557
3339,3341
3339,3342
3340,3356
3341,3339
3341,3331
3342,3343
3342,3635
3342,3339
3342,3519
3343,3342
3345,3480
3345,3336
559,564
559,565
3356,3480
3356,3340
8752,8819
8752,8748
8753,8743
562,563
562,557
8755,8869
8755,8870
2295,2296
2295,2291
8759,8760
8760,8752
8760,8761
8761,8760
8761,8762
8762,8761
8762,8763
3301,3128
8763,8762
8763,8766
3430,3056
3430,3200
3430,3206
8764,8733
8764,8766
8765,8759
8766,8763
8766,8764
8768,8733
8768,8789
8768,8791
115,113
115,110
8769,8759
8770,8769
8771,8785
8771,8772
8771,8733
3479,3152
3479,3613
3480,3152
3480,3345
3480,3356
8772,8771
8772,8773
3484,3142
3484,3143
8773,8772
8773,8774
116,137
116,139
3490,3155
3490,3492
3491,3489
3491,3132
3492,3490
8774,8773
8774,8775
3313,3312
3313,3315
3497,3504
8775,8776
8775,8774
3500,3169
3500,3501
3501,3170
3501,3091
3501,3500
3502,3155
3502,3503
3503,3133
3503,3502
3504,3505
3504,3130
8776,8777
8776,8775
8777,8776
8777,8778
3515,3516
3515,3517
3516,3082
3516,3515
3516,3517
8778,8777
8778,8779
2572,2569
2572,2571
3519,3613
3519,3342
587,420
587,589
4369,4377
4369,4370
588,592
588,589
5573,5546
5573,5498
5573,5574
3319,3320
3319,3318
589,587
589,588
8782,8781
8782,8783
8783,8795
8783,8782
2573,2596
2573,2564
8784,8795
8784,8732
8785,8787
8785,8771
8785,8796
8786,8787
8786,8732
3325,3073
3325,3324
8787,8785
8787,8786
8788,8792
8788,8789
2574,2587
2574,2559
597,539
597,598
597,599
10485,10904
10485,10905
10485,10489
598,539
598,597
599,601
599,597
599,613
8792,8793
8792,8788
3331,3106
3331,3332
3331,3341
3331,3430
3331,3095
8793,8792
8793,8794
3610,3057
3610,3142
3079,3312
3079,3311
8794,9025
8794,8793
3614,3204
3614,3199
3615,3056
3615,3617
3616,3615
3617,3616
3618,3057
3618,3619
603,608
603,606
3623,3333
3623,3334
3624,3626
3624,3130
8796,8785
8796,8789
3626,3624
3626,3335
605,601
605,604
605,613
3634,3337
3634,3147
3634,3636
3635,3519
3636,3634
3636,3147
7433,7441
7433,7436
755,754
755,749
7439,7182
7439,7438
7439,7447
7445,7435
7445,7436
7445,7342
8819,8770
8827,8834
8827,8846
7463,7464
7463,7465
8831,8836
8831,8860
8831,8838
8834,8827
8834,8860
8835,8849
8835,8839
8836,8860
8836,8837
8836,8831
8837,8836
8837,8839
8838,8848
8838,8124
8838,8126
8838,8831
8839,8835
8839,8837
8840,8851
8840,8843
8840,8847
5585,5514
5585,5588
5585,909
5585,5510
8841,8850
8841,8843
8842,8848
8842,8860
8842,8847
8843,8840
8843,8841
8843,8847
130,129
130,123
8844,8845
8845,8844
8845,8846
8846,8827
8846,8845
7481,7568
7481,7480
8847,8840
8847,8842
8847,8843
8848,8842
8848,8838
2586,2585
2586,2574
8849,8835
8849,8071
2023,1993
2023,1997
8850,8841
8850,8933
8850,8937
8851,8840
2029,2042
2029,2045
2029,1894
2029,2063
3518,3089
3518,3228
8860,8834
8860,8836
8860,8925
8860,8831
8865,8744
8865,8751
8866,2688
8866,8867
8866,2687
8867,8866
8867,8868
8868,2617
8868,8867
8869,8746
8869,8755
8870,8745
8870,8755
8871,2617
8871,2620
8872,8873
8872,8790
8872,8742
8873,8872
8873,8879
8874,8875
8874,8748
683,681
8879,2617
8879,8866
8879,8882
8879,8873
8880,8729
8881,8872
8882,2617
8882,8883
8883,8881
8883,8882
8896,8880
8896,8897
8896,8729
4229,4654
8897,8896
8897,9047
4232,4660
4232,4685
4233,4681
4233,4676
4235,4520
4235,4312
4235,4323
4235,4334
4236,4326
4236,4318
4236,4341
4237,4281
4237,4290
4237,4644
4237,4797
4237,4807
2596,2595
2596,2573
5597,5596
5597,5614
10780,10841
10780,10453
10780,10839
709,708
709,710
8902,8908
8902,8901
8902,8909
711,712
712,713
4275,4290
4275,4644
4275,4458
4275,4806
4275,4282
4280,4290
4280,4347
4281,4282
4281,4237
4281,4797
4282,4281
4282,4458
4282,4283
4282,4275
4282,4291
4283,4282
4284,4805
714,787
714,716
714,396
714,715
714,780
4286,4803
4286,4284
4286,4285
4289,4538
7235,8400
7235,7239
715,728
715,714
715,716
715,718
716,714
716,715
716,717
4302,4535
717,716
717,396
4305,4345
4305,4306
4306,4305
4306,4307
4307,4306
4307,4308
4308,4504
4308,4307
8910,8916
8910,8901
8910,8902
4310,4523
4310,4351
4312,4235
4312,4524
4313,4316
4313,4318
4314,4361
4314,4362
4314,4316
8911,8929
8911,8922
8911,8915
8911,8730
4316,4313
4316,4314
4316,4523
4317,4331
4317,4325
4318,4321
4318,4313
4318,4236
4318,4537
4319,4363
4320,4321
4320,4674
4321,4320
4321,4318
4322,4354
4323,4328
4323,4235
4323,4333
4324,4344
4324,4345
4325,4505
4325,500
4325,4317
4325,4510
4326,4536
4326,4236
721,720
721,737
721,732
721,735
4328,4330
4328,4323
4329,4333
4329,4350
4330,4328
4330,4353
4331,4317
4331,4350
4332,4315
4332,4671
4333,4504
4333,4329
4333,4346
4333,4323
4381,4368
4381,4370
4381,4375
4335,4504
4335,4524
4335,4334
4336,4342
4336,4343
4337,4338
4337,4355
4337,4334
4337,4335
4338,4337
4338,4309
8915,8913
8915,8914
8915,8911
4340,4339
4340,4341
4341,4340
4341,4506
4341,4363
4341,4236
4341,4356
4342,4336
4342,4505
4343,4344
4343,4336
4344,4324
4344,4343
724,720
4346,4504
4346,4345
4346,4308
4346,4333
4347,4280
4347,4360
4348,4345
4348,4364
4349,4510
4349,4327
4350,4329
4350,4331
725,720
725,396
725,727
4352,4677
4352,4351
4353,4330
4353,4327
4354,4322
4354,4358
4355,4337
4355,4359
4356,4341
4356,4359
726,728
726,722
4358,4354
4358,4302
7553,7544
7553,7545
7553,7550
4360,4347
4360,4339
4361,4314
4361,4522
4362,4314
4362,4531
727,399
4364,4348
4364,4366
4366,4379
4366,4364
4366,4367
4367,4368
4367,4366
4368,4381
4368,4367
728,715
728,396
728,718
728,726
4370,4369
4370,4381
4370,4375
4371,4372
4371,4375
4372,4371
4372,4374
4373,4376
4373,4374
4374,4378
4374,4372
4374,4373
729,734
729,402
729,730
729,974
4376,4380
4376,4373
4377,4369
4377,460
4378,4379
4378,4374
4379,4378
4379,4366
4380,4376
4380,4372
4380,3101
4380,4374
730,720
730,401
730,731
730,729
731,730
731,732
4339,4360
4339,4340
4339,4309
732,721
732,731
733,721
213,230
213,215
8928,8953
8928,8932
8929,8930
8929,8911
8930,8929
8930,8932
5603,5609
5603,5604
8931,8730
8931,8957
8932,8928
8932,8930
8933,8850
8933,8925
8933,8934
742,745
742,746
742,1027
742,754
4458,4282
4458,4290
8935,8936
8935,8939
8936,8937
8936,8850
8936,8935
8937,8936
8937,8850
746,961
746,742
12674,7334
747,760
747,749
749,752
749,753
749,747
749,755
749,1031
8942,8944
8942,8943
3481,3199
4504,4346
4504,4333
4504,4335
4505,4325
4505,4342
4506,4536
4506,4341
8943,8738
8943,8942
4510,4325
4510,4349
4511,5764
4511,5767
752,749
752,751
753,864
753,749
4520,4521
4520,4235
4520,4315
4521,4520
4521,4522
4522,4361
4522,4521
4523,4316
4523,4310
4524,4312
4524,4525
4524,4334
4524,4335
4525,4530
4525,4524
4530,4531
4530,4525
4531,4530
4531,4362
4532,4533
4533,4534
4534,4358
4535,4321
4536,4506
4536,4326
4537,4532
4538,4284
757,756
757,750
758,750
758,767
3489,3131
3489,3491
759,760
759,750
8952,8956
8952,8957
8953,8928
8953,8924
8954,8947
8954,8950
8955,8947
8955,8951
8956,8952
8956,8916
8956,8957
8956,8958
8957,8931
8957,8916
8957,8917
8957,8918
8957,8951
8957,8952
8957,8956
766,762
766,764
766,765
766,789
5609,5793
5609,5603
769,784
769,767
771,784
771,792
771,866
771,795
4642,4646
4643,4644
4644,4275
4644,4237
4644,4645
4645,4642
4646,4643
3505,3131
4654,4660
4654,4229
4655,4682
4655,4667
4655,4668
4656,4664
4656,4659
4657,4658
4657,4661
4658,4657
4658,4660
4659,4656
4659,4660
4660,4720
4660,4658
4660,4659
4660,4654
4661,4664
4661,4665
4661,4657
4662,4672
4662,4665
4663,4662
4664,4656
4664,4665
4665,4664
4665,4685
4665,4661
4665,4663
4666,4680
4666,4681
4666,4668
4666,4679
4667,4694
4667,4669
4667,4670
4667,4655
4668,4666
4668,4655
4669,4667
4669,4676
4670,4667
4670,5773
4670,4678
4670,4671
4671,4332
4671,4670
4671,4678
4672,4720
4672,4673
4672,4665
4672,4685
4672,4663
4673,4680
4673,4672
4674,4320
4674,4676
4674,4686
4675,4678
4675,4711
4676,4674
4676,4708
4676,4677
4676,4233
4676,4683
4676,4669
4677,4352
4677,4728
4677,4676
4678,672
4678,4675
4678,4682
4678,5773
4678,4670
4678,4671
4679,4680
4679,4681
4680,4673
4680,4679
4681,4233
4681,4666
4681,4679
4682,4678
4682,4655
4683,4684
4684,4677
4685,4232
4685,4665
4685,4672
4686,4687
4687,4688
4688,4689
4689,4690
4690,4691
4691,4692
4692,4693
4693,4233
4694,4667
4694,4695
4695,4723
4695,4694
4699,4723
4699,4715
4708,4715
4708,4676
4708,4711
4711,4675
4711,4708
4715,4699
4715,4708
3517,3619
3517,3515
3517,3516
4720,592
4720,4672
4720,4660
4721,4722
4722,4721
4722,4724
4723,4699
4723,4695
4724,4722
4724,4725
4725,4724
4725,4726
4726,3099
4726,4725
4726,4727
4727,3099
4727,4726
4728,4674
791,785
791,780
4327,4353
4327,4349
4792,5649
4792,5803
4793,4794
4794,5541
4795,5490
4797,4280
4797,4289
4797,4281
4797,4285
4797,4237
4798,4797
4799,4286
4800,4799
4801,4800
4802,4801
4802,4286
4803,4802
4804,4803
4804,4286
4805,4804
7255,7243
7255,7411
829,827
829,799
830,827
830,831
9023,9024
9023,9021
9024,9026
9024,9023
10390,10930
10390,10783
9025,9026
9025,8794
10391,10449
10391,10429
10391,10494
9026,9024
9026,9025
835,824
835,5532
9028,9027
9028,9029
837,848
837,850
837,876
9032,9033
9032,9035
9032,9022
841,849
841,815
841,823
843,842
843,895
843,838
843,823
844,845
844,838
845,844
845,846
846,845
846,847
3307,3128
3307,3306
3307,3309
3307,3085
847,850
847,846
848,837
848,839
2215,2217
2215,2207
1261,1256
1261,1251
2217,2214
2218,2210
2218,2219
2218,2226
2219,2225
2219,2218
2219,2221
2219,2207
9047,8897
10413,10409
10413,10417
2222,2221
2222,2310
10415,10417
10416,10720
10416,10418
10416,10879
2225,2224
2225,2220
2225,2223
2226,2218
2226,2213
2628,2627
2628,2615
2233,2265
2233,2234
2233,2253
10426,10425
10426,2309
10429,10471
10429,10472
10429,10474
10429,10391
10429,10478
10429,10877
10429,10483
10429,10902
10429,10903
10429,10489
10429,10491
10429,10493
10429,10494
720,721
720,722
720,723
720,724
720,725
720,730
2240,2241
2240,2260
105,106
105,107
2242,2235
2243,2237
2243,2246
2244,2237
2244,1981
2246,2243
2246,2253
2246,2238
2247,2321
2247,2362
2247,2322
2247,2230
4345,4305
4345,4346
4345,4348
4345,4324
3613,3479
3613,3519
10440,10848
10440,10849
10440,10846
10440,10894
10440,9039
10441,10443
10441,10852
722,720
722,726
2250,2275
2250,2237
3619,3618
3619,3517
10446,10802
10446,10797
10447,10794
6881,6882
6881,6843
2258,2257
2258,2245
3625,3084
3625,3183
10452,10516
10452,10578
10452,10580
10452,10421
10452,10410
10453,10780
10453,10517
10453,10454
10454,10453
10454,10477
3181,3180
10465,10464
10465,10466
10465,10788
2274,2273
2274,2275
2275,2112
2275,2250
2275,2274
2276,2236
2276,2268
7547,7546
7547,7350
2277,2284
2277,2198
5476,5488
5476,5500
5477,5539
5477,5572
5477,6563
5477,5558
5477,7199
3146,3145
3146,3147
5483,5592
5483,6354
5483,6355
5483,6390
5483,6392
5483,6507
5483,5599
5487,5489
5487,5524
5488,5497
5488,5506
5488,5476
5489,5490
5489,5492
5489,5517
5489,5831
5490,5489
5490,5491
5491,5490
5491,5492
5491,6502
5491,5511
5491,4795
5491,5534
5492,5491
5492,5493
5492,5830
5492,5495
5492,5560
5492,5499
5493,5492
5493,5830
5493,5494
5494,5553
5494,5557
5494,5493
10473,10490
10473,10694
5496,5497
5496,5501
5496,5831
5497,5488
5497,5496
5497,5519
5498,5546
5498,5573
5498,5503
5499,5502
5499,5495
5500,5476
5500,5830
2282,2280
2282,2281
2282,2284
5502,5498
5502,5499
5502,5503
5503,5498
5503,5502
5504,5496
5504,5487
5505,5506
5505,5827
5506,5488
5506,5505
2283,2285
2283,2269
5510,5512
5511,5513
5511,5586
5511,5491
5512,5585
5513,5569
5513,5586
5513,5515
5513,5511
5514,5585
5514,5587
5515,5513
5515,5562
5515,5583
5516,5524
5516,5525
5517,5489
5517,5518
5518,6301
5518,5522
5518,5525
5518,6502
5518,5517
5518,6421
2285,2281
5520,5521
5520,5522
5520,5523
5520,5530
5521,5520
5521,5519
5522,5520
5522,5518
5522,6502
5523,5520
5523,5530
5523,5531
5524,5516
5524,5487
2286,2283
5526,6540
5526,6814
5527,5528
5527,5533
5528,5529
5528,5527
5529,5528
5529,5530
5530,5520
5530,5529
5530,5523
10479,10449
10479,10877
10479,10391
5532,5537
5532,835
5532,5541
5532,5801
5533,5527
5534,5491
5534,5572
5534,5557
5534,5542
5534,5543
5534,5556
5534,5535
5535,5576
5535,5544
5535,5534
5536,5576
5536,5537
5537,5536
5537,5555
5537,5532
5537,5541
5537,5805
5538,5572
5538,5804
5539,5804
5539,5477
5540,5558
5541,5572
5541,5532
5541,5805
5541,5537
5542,5544
5542,5534
5542,5543
5543,5568
5543,5534
5544,5576
5544,5542
5544,5559
5545,5546
5545,5556
5546,5545
5546,5573
5547,5548
5547,5575
5548,5802
5548,5547
5549,5555
5549,5551
5550,5552
5550,5551
5551,5549
5551,5550
5552,1086
5552,5550
5553,5560
5553,5494
5554,5489
5555,5537
5555,5549
5556,5545
5556,5534
5557,5494
5557,5534
5558,5540
5558,5477
5559,5800
5559,5544
5560,5553
5560,5492
5560,5581
2292,2293
2292,2294
5562,5563
5562,5515
5562,5583
5563,5562
5563,5564
5564,5577
5564,5578
5564,5563
5564,5579
5565,5833
5565,5566
5566,5584
5566,5565
5566,5567
5567,5580
5567,5566
5568,5580
5568,5543
5569,5513
5569,5570
5570,5569
5570,5571
5571,5577
5571,5570
5572,5805
5572,5538
5572,5477
5572,5534
5572,5541
2294,2297
2294,2292
5574,5802
5574,6539
5574,5573
5575,5547
5575,5805
5576,5544
5576,5536
5576,5535
5577,5571
5577,5564
5578,5561
5578,5579
5578,5564
5579,5833
5579,5578
5579,5564
5580,5568
5580,5834
5580,5581
5580,5567
5581,5560
5581,5580
5581,5582
5582,5581
5582,5583
5583,5834
5583,5515
5583,5562
5583,5582
5584,827
5584,5566
2296,2289
2296,2295
5586,5832
5586,5513
5586,5588
5586,5511
5587,5832
5587,5514
5588,5585
5588,5586
10489,10494
10489,10449
10489,10485
10489,10486
10489,10471
10489,10472
10489,10474
10489,10391
10489,10429
10489,10478
10489,10469
5592,7171
5592,7012
5592,6502
5592,6827
5592,5531
5592,5483
5593,5594
5593,5531
5594,5593
5594,5595
5594,5623
5595,5594
5595,5596
5595,5623
5596,5595
5596,5597
5596,5614
2298,2299
2298,2301
5599,5601
5599,6394
5599,5483
5601,5607
5602,5793
5602,5601
2299,2298
2299,2300
5604,5603
5604,5605
5605,5604
5605,5606
5606,5618
5606,5605
5607,5608
5607,5602
5607,5599
5608,5607
2300,2305
2300,2299
5614,5616
5614,5596
5614,5597
2301,2298
2301,2290
2301,2302
2301,2310
5616,5618
5616,5619
5616,5620
5616,5614
5618,5616
5618,5606
5619,5816
5620,5616
5620,5619
2302,2301
2302,2303
5622,5623
5623,5594
5623,5595
5623,5622
2303,2304
2303,2302
2304,2303
2305,2289
2305,2300
5649,4792
5649,5507
5651,5507
5651,5805
2314,2316
2314,2342
2316,2320
2316,2314
2316,2332
2317,2320
2319,2314
2320,2316
2320,2331
2320,2340
2320,2324
5732,6444
5732,5733
5733,6464
5733,5732
5733,5734
5734,5746
5734,5733
5734,5798
5734,5742
10513,10516
10513,10421
10513,10510
10514,10513
10514,10515
10514,10452
10514,10421
10514,10888
10514,10410
10514,10940
5742,5734
5742,5743
5743,5781
5743,5742
5744,5746
5744,6451
5746,5744
5746,5761
5746,5734
2323,2324
2323,2349
5748,5781
5749,5781
5749,5750
5750,5752
5750,5749
5751,5752
5751,5754
5752,5750
5752,5751
2324,2320
2324,2323
2324,2332
5754,5755
5754,5758
5754,5751
5755,5754
5755,5756
5755,5758
5756,5755
5756,5987
5757,5758
5758,5755
5758,5757
2325,2326
2325,2311
5761,5746
5761,5762
5762,5761
5762,5763
5763,5762
5763,5767
5764,5770
5764,4511
5765,5770
5765,5766
5766,5768
5766,684
5766,5765
5766,5798
5767,5763
5767,4511
5768,5769
5768,5766
5769,5768
5769,5773
5770,5764
5770,5765
5773,6434
5773,4670
5773,4678
5773,5769
5773,5786
5773,5982
5774,576
5774,5982
5781,5748
5781,5749
5781,5743
5782,5773
5786,5782
5793,5609
5793,5602
5798,5734
5798,5766
5800,5801
5800,5559
5801,5800
5801,5532
5802,5548
5802,5574
5803,4792
5804,5538
5804,5539
5805,4793
5805,5651
5805,5572
5805,5541
5805,5575
4285,4797
4285,4286
4285,4798
5816,5616
5816,5620
6432,6431
5827,5505
5827,5828
5828,5827
5828,6284
5829,6284
5829,5830
5830,5500
5830,5495
5830,5492
5830,5493
5830,5829
5831,5496
5831,5504
5831,5554
5832,5586
5832,5587
5833,5579
5833,5565
5834,5580
5834,5583
3197,3190
3197,3191
5495,5499
5495,5492
5495,5830
4290,4275
4290,4237
5982,5773
5982,5774
5987,6481
5987,5756
4291,4458
4291,4275
10578,10580
10578,10579
10578,10452
2387,2386
2387,2366
2388,2432
2388,2433
2388,2026
2401,2352
2401,2395
10598,10599
2407,2396
2407,2351
208,192
208,189
3061,3190
3061,3071
6284,5828
6284,5829
1048,1050
1048,1052
1048,1047
6292,6320
6292,6387
6292,6504
6292,6330
6292,6315
6292,6302
6294,6386
6294,6372
6294,6295
6295,6316
6295,6294
6296,6379
6296,6381
6297,6337
6297,6322
6297,6307
6297,6473
6297,6298
6297,6299
6297,6348
6298,6297
6298,6337
6298,6411
6298,6343
6299,6297
6299,6474
6299,6507
6300,6304
6300,6465
6300,6491
6301,6329
6301,5518
6301,6326
6302,6320
6302,6425
6302,6292
6302,6329
6303,6328
6303,6332
6304,6307
6304,6468
6304,6308
6304,6507
6304,6300
6304,6349
6306,6304
6306,6356
6306,6308
6307,6304
6307,6473
6307,6474
6307,6349
6307,6297
6308,6304
6308,6306
6308,6507
6308,6381
6309,6424
6309,6408
6310,6507
6311,6360
6311,6468
6312,6360
6312,6434
6312,6342
6313,923
6313,6359
6314,6356
6314,6357
6315,6384
6315,6448
6315,6292
6315,6502
6315,6507
6315,6316
6315,6333
6315,6367
6316,6448
6316,6315
6316,6507
6316,6333
6316,6295
6317,6365
6317,6374
6318,6384
6318,6319
6319,6336
6319,6384
6319,6318
6319,6335
6320,6370
6320,6292
6320,6388
6320,6502
6320,6505
6320,6302
6322,6344
6322,6337
6322,6347
6322,6297
6323,6365
6323,6422
6324,6448
6324,6378
6324,6418
6325,6373
6325,950
6326,6301
6326,6327
6327,6373
6327,6326
6328,6331
6328,6303
6329,6301
6329,6302
6330,6331
6330,6292
6331,6328
6331,6330
6332,6333
6332,6303
6333,6384
6333,6316
6333,6315
6333,6332
6334,6377
6334,6375
6335,6336
6335,6319
6335,6383
6336,6353
6336,6354
6336,6310
6336,6319
6337,6298
6337,6322
6338,6416
6338,6407
6339,6467
6340,6397
6341,6447
6342,6312
6342,6445
6343,6298
6344,6297
6347,6322
6348,6473
6348,6297
6349,6304
6349,6424
6349,6307
6349,6423
6353,6336
6353,6354
6354,6336
6354,6353
6354,6355
6354,5483
6355,6426
6355,5483
6355,6354
6356,6306
6356,6314
6357,6314
6357,6358
6358,6357
6358,6359
6359,6313
6359,6358
6360,6312
6360,6465
6360,6311
6363,6448
6363,6506
6365,6418
6365,6323
6365,6380
6365,6317
6366,6507
6366,6367
6367,6448
6367,6315
6367,6366
6368,6320
6368,6388
6368,6502
6370,6320
6370,6421
6372,6389
6372,6294
6373,6325
6373,6327
6374,6389
6374,6317
6375,6378
6375,6334
6376,6377
6376,6422
6377,6376
6377,6334
6378,6324
6378,6375
6379,6296
6379,6506
6380,6385
6380,6365
6381,6507
6382,6426
6382,6383
6383,6382
6383,6335
6384,6315
6384,6333
6384,6318
6384,6319
6385,6386
6385,6380
6386,6385
6386,6450
6386,6387
6386,6294
6387,6386
6387,6292
6388,6320
6388,6502
6388,6390
6388,6503
6388,6440
6388,6505
6389,6372
6389,6374
6390,6419
6390,6388
6390,6391
6391,6392
6391,6390
6392,6393
6392,6391
6392,5483
6392,6479
6392,6999
6393,6392
6393,6394
6394,6393
6394,5599
6395,6467
6395,6396
6396,6395
6396,6398
6397,6340
6397,6398
6398,6396
6398,6397
6398,6399
6399,6400
6399,6489
6399,6398
6400,6401
6400,6399
6400,6405
6400,6439
6401,6400
6401,6402
6402,6401
6402,6490
6402,6403
6403,6402
6403,6404
6404,6472
6404,6403
6404,6405
6405,6416
6405,6400
6405,6404
6406,6443
6406,6469
6406,6471
6407,6408
6407,6338
6407,6443
6408,6309
6408,6407
6411,6298
6411,6412
6412,6488
6412,6411
6412,6413
6413,6488
6413,6412
6413,6414
6414,6413
6414,6415
6415,6416
6415,6414
6416,6338
6416,6415
6416,6405
6416,6485
6417,6341
6418,6324
6418,6365
6419,6442
6419,6420
6419,6390
6420,6419
6420,6421
6420,6503
6421,6370
6421,6420
6422,6376
6422,6323
6423,6424
6423,6485
6423,6349
6424,6472
6424,6309
6424,6349
6424,6423
6425,6320
6426,6355
6426,6382
6427,6428
6427,6493
6427,6431
6428,6496
6428,6427
6431,6432
6431,6427
214,209
214,211
6434,6312
6434,5768
6434,6435
6434,6436
6434,6469
6435,6434
6435,6436
6436,6464
6436,6475
6436,6434
6436,6435
6439,6400
6439,6481
6440,6441
6440,6442
6440,7171
6440,6388
6440,6999
6441,6440
6441,6392
6442,6440
6442,6419
6443,6406
6443,6407
6444,6464
6444,5732
6445,6446
6446,6417
6447,6466
6448,6324
6448,6315
6448,6316
6448,6363
6448,6367
6450,6386
6450,956
6451,5744
6451,6455
6452,6453
6452,6455
6453,6452
6453,6454
6454,6453
6454,710
6455,6451
6455,6452
6464,6444
6464,6436
6464,5733
6465,6360
6465,6300
6465,6349
6466,6501
6467,6395
6467,6339
6468,6304
6468,6311
6469,6434
6469,6477
6469,6406
6471,6472
6471,6406
6472,6416
6472,6404
6472,6471
6473,6297
6473,6307
6473,6348
6474,6299
6474,6307
6475,6435
6475,6477
6477,6475
6477,6469
6479,6441
6481,5987
6481,6439
6483,6492
6484,6487
6485,6416
6485,6424
6486,6507
6486,6487
6487,6484
6487,6486
6488,6499
6488,6412
6489,6490
6489,6399
6490,6489
6490,6402
6491,6356
6492,6427
6493,6507
6496,6497
6496,6428
6497,6498
6497,6428
6498,6497
6499,6488
6501,6342
6502,6320
6502,5489
6502,5522
6502,5491
6502,5592
6502,6315
6502,7171
6502,6507
6502,5518
6502,6421
6503,6420
6503,6388
6503,6421
6504,6505
6505,6368
6505,6292
6506,6363
6506,6379
6507,6336
6507,6304
6507,5483
6507,6308
6507,6502
6507,6315
6507,6316
6507,6483
6507,6486
6507,6296
6507,6299
6507,6492
6507,6366
2450,2402
2451,2431
8946,8734
8946,8950
6528,7122
6528,7131
6528,7101
6529,6880
6529,7092
6530,7085
6530,6868
6530,6869
6530,6566
6530,7087
6531,6568
6531,7081
6531,7100
6531,7253
6531,7071
6532,6817
6532,6818
6532,6819
6532,7031
6532,6961
6532,7016
6532,6956
6532,6962
6533,7137
6533,7172
6534,7136
6534,7145
6534,6912
6534,6911
6539,6540
6539,5574
6540,6539
6540,5526
6547,6532
6548,6915
6548,6876
6548,6798
6549,1312
6549,6802
6549,6803
6549,6558
6550,6812
6550,6813
6557,7090
6557,7166
6558,6801
6558,6802
6558,6564
6558,6549
6558,6916
6558,6571
6558,6975
6560,6995
6560,6996
6562,6558
6563,6562
6563,6803
6563,5477
6564,7069
6564,6558
6565,7078
6565,6567
6566,7232
6566,7073
6566,7082
6566,6530
6567,6845
6567,7069
6567,6565
6568,6531
6568,7078
6569,6566
6569,7070
6570,7089
6570,7083
6570,6567
6571,6802
6571,6572
6571,6558
6572,6937
6572,6571
6572,6573
6573,6572
6573,6574
6574,6883
6574,6575
6574,6573
6574,6911
6575,6811
6575,7132
6575,6574
2469,2457
2469,2458
2469,2471
2470,2435
2470,2468
10663,10642
10663,10891
4315,4520
4315,4332
5519,5496
5519,5521
5519,5497
6796,6994
6797,6801
6797,7019
6798,6996
6801,6803
6801,6797
6802,6803
6802,6571
6802,6558
6802,6549
6803,1312
6803,6801
6803,6802
6803,6563
6803,6549
2500,2498
6811,6890
6811,6812
6811,6575
6812,6896
6812,6811
6812,6550
6813,6953
6813,6550
6814,7175
6814,7167
6815,6816
6815,6825
6815,7174
6815,6966
6816,6817
6816,7171
6816,6825
6816,6823
6817,6816
6817,6818
6817,6955
6817,6532
6817,7074
6818,6962
6818,6955
6818,6532
6818,6819
6818,6965
6819,7168
6819,6953
6819,6532
6819,6956
6820,6533
6820,6821
6821,6825
6821,6820
6822,6819
6823,6958
6824,6958
6825,6816
6825,7171
6825,6954
6825,6955
6825,7164
6825,6815
6826,7012
6826,7171
6826,6828
10695,10697
10695,10701
6828,6826
6828,6827
6830,7161
6830,6834
6830,6835
6831,6830
6832,6831
6833,6832
6834,7088
6835,6833
6835,6834
6835,7058
6836,7161
6836,7058
6837,6570
6838,7076
6838,7077
6839,7081
6839,7082
6839,7100
6840,7161
6840,6879
6841,6860
6841,6844
6842,7096
6842,6922
6842,6861
6843,6881
6843,6844
6843,6846
6844,6841
6844,6861
6845,6569
6846,7092
6846,6843
6846,6860
6846,6869
6855,6824
6856,6859
6856,7087
10700,10705
10700,10703
6858,6859
6859,6856
6859,7096
6859,6858
6860,6841
6860,7114
6860,6868
6860,6846
6861,6842
6861,6844
6861,6922
2509,2516
2509,2517
2509,2518
6868,7114
6868,7092
6869,7114
6869,6846
10703,10696
10703,10704
10703,10700
6876,6915
6876,6548
6879,6880
6879,6840
6880,6529
6880,6879
10704,10705
10704,10829
6882,6881
6882,6883
6883,6882
6883,7132
6883,6574
2513,2529
2513,2567
6890,6896
6890,6811
6890,6893
6891,7173
6891,6893
6892,6953
6892,6894
6893,6890
6893,6891
6894,6892
6894,6895
6895,7173
6895,6894
6896,6812
6896,6575
6898,6899
6898,6900
6898,6909
6899,6898
6899,6907
6899,6900
6900,6898
6900,6899
6907,6899
6907,6909
6907,7031
6908,6909
6908,7031
6909,6898
6909,6907
6909,6908
6911,6912
6911,7132
6911,6534
6911,6574
6912,7055
6912,6534
6912,6911
6915,6876
6915,6548
6915,6996
6915,6999
6916,1312
6916,6558
6922,6842
6922,6861
6929,6962
6929,6822
6929,6950
6929,7030
6929,7031
6930,6929
6930,6962
6930,6950
6937,6938
6937,6571
6937,6572
6938,6937
6941,7161
6941,6997
6941,6998
6949,6890
6949,6962
6949,6812
6949,6930
6950,6949
6951,6952
6951,6825
6951,6954
6951,6964
6952,6954
6953,6892
6953,6819
6953,6956
6953,6813
6953,6533
6954,6825
6954,7164
6954,6821
6954,6951
6955,6855
6955,6956
6955,6965
6955,6951
6956,6960
6956,7074
6956,6547
6956,6532
6957,6816
6957,6955
6958,6956
6958,6957
6960,6818
6960,6955
6960,6956
6960,6967
6961,6963
6961,6532
6962,6929
6962,6930
6962,6819
6962,6532
6962,6997
6962,6950
6963,6969
6963,6961
6964,7137
6964,6965
6964,6951
6965,6818
6965,6964
6965,7074
6965,6951
6966,7171
6966,7012
6966,7174
6966,6815
6967,6960
6967,6970
6967,6956
6968,6969
6968,6970
6969,6968
6969,6963
6970,6968
6970,6967
6975,6558
6975,6567
2528,2512
2528,2567
2529,2513
2529,2530
2529,2514
2529,2583
2530,2529
2530,2531
6994,6528
6994,7113
6994,6997
6995,6528
6995,6560
6996,6560
6996,6915
6997,6962
6997,6941
6997,6994
6997,6998
6997,6999
6998,6941
6998,6997
6999,6392
6999,6440
6999,6915
6999,6997
2532,2531
2532,2533
2532,2539
7010,7154
7010,7012
7012,5592
7012,6826
7012,7010
7016,6532
7016,6967
7019,6797
7019,7055
7030,6929
7030,7031
7031,6929
7031,6907
7031,6532
7031,7030
756,748
756,757
10733,10580
7058,6835
7058,6836
7069,6564
7069,6567
7070,7081
7070,7073
7071,6531
7071,7077
7072,7076
7072,7086
7073,6845
7074,6956
7074,6965
7075,7170
7055,6912
7055,7019
7077,6838
7077,7071
7078,6568
7078,6570
7078,6565
7078,6975
7081,6531
7081,7070
7081,6839
7082,6530
7082,6566
7082,6839
7083,6837
7085,7114
7085,7086
7086,7072
7086,7085
7087,6856
7087,7114
7088,6833
7088,6835
7088,7161
7089,6531
7090,7162
7090,6557
7092,6880
7092,6529
7092,6868
7092,6846
7096,6881
7096,6842
7096,6859
7100,6531
7100,6839
7101,7131
2550,2503
2550,2549
2550,2373
2550,2551
7113,6995
7114,6530
2551,2552
2551,2550
7117,7127
7119,7123
7122,7125
7123,7129
7123,7101
7124,7129
7125,7133
7126,7117
7127,7160
7128,7119
7129,6528
7129,7113
7129,6796
7129,7117
7131,7113
7131,6796
7131,7129
7132,6883
7132,6575
7132,6911
7133,7126
7136,6534
7137,6964
7137,6533
7137,6951
7145,6534
7160,7128
7160,7124
7161,6840
7161,6834
7161,6836
7161,6941
7162,7090
7162,7163
7163,7162
7163,7164
7164,6825
7164,7163
7165,7166
7166,7172
7166,6557
7167,6814
7167,6966
7168,7169
7168,6532
7169,7170
7170,7168
7170,7075
7171,6816
7171,5592
7171,6966
7171,6502
7171,6440
7171,6826
7171,6827
7171,7167
7172,6820
7172,7165
7172,6533
7173,6891
7173,6895
7174,6966
7174,6815
7175,5526
7182,7440
7182,7441
7182,7439
7182,7356
7182,7447
7183,7577
7183,7215
7183,7353
7184,7600
7184,7612
7184,7567
7185,7394
7185,7507
7185,7509
7186,7328
7186,7344
7186,7330
7186,7505
7186,7339
7186,7506
7186,7326
7186,7199
5501,5489
7197,7208
7197,7338
7197,7324
7197,7198
7198,7332
7198,7366
7198,7326
7198,7197
7199,7344
7199,7186
7199,5477
7199,7506
7199,1554
7199,7599
7200,7250
7200,7251
7200,7260
7205,7580
7205,7214
7206,7208
7206,7218
7207,7208
7207,7197
7207,7222
7208,7206
7208,7214
7208,7207
7209,7601
7209,7582
7210,7602
7210,7604
7214,7208
7214,7205
7215,7183
7215,7551
7216,7217
7217,7210
7218,7184
7218,7600
7222,7585
7222,7223
7222,7207
7223,7222
7223,7583
7225,7627
7225,7228
7226,7586
7226,7228
7226,7366
7228,7225
7228,7226
7228,7627
7228,7628
2570,2571
2570,2751
7230,7509
7232,7234
7232,7254
7232,6566
7233,7336
7233,7505
7233,7669
7233,7254
7234,7253
7234,7254
10763,10909
10763,10765
7236,7368
7236,7241
7236,7239
7237,7240
7237,7238
7238,7241
7238,7237
7239,7368
7239,7235
7239,7236
7240,7571
7240,7237
7241,7236
7241,7238
7242,7243
7242,7251
7243,7242
7243,7255
7244,7245
7244,1359
7245,7257
7245,7244
7246,7248
7246,7249
7247,1504
7248,7246
7248,7247
7249,7258
7249,7246
7250,7200
7250,7257
7250,7251
7250,7259
7251,7257
7251,7250
7251,7242
7252,7349
7253,7256
7253,7232
7253,6531
7253,7260
7253,7254
7254,7232
7254,7233
7254,7253
2279,2280
2279,2278
7256,7252
7256,7253
7257,7250
7257,7245
7258,7249
7258,7259
7259,7258
7259,7250
7260,7200
7260,7253
4334,4337
4334,4524
4334,4335
2583,2584
2583,2529
2583,2567
2583,2601
2584,2585
2584,2583
2585,2584
2585,2586
7324,7497
7324,7419
7325,7324
7326,7344
7326,7339
7326,7332
7326,7198
7326,7199
7327,7331
7327,3038
7328,7329
7328,7186
7328,7599
7329,7328
7329,3051
7330,7186
7330,7506
7330,1581
7330,7334
2587,2589
2587,2574
7332,7331
7332,7333
7332,7198
7332,7326
7333,7523
7333,7332
7334,7330
7334,7186
7334,1554
7334,3013
7334,7599
7336,7505
7336,7669
7337,7330
7338,7324
7339,7343
7340,7326
7340,7199
7341,7340
7342,7435
7343,7341
7344,7339
7344,7326
7344,7199
7349,7256
7350,7547
7350,7551
7351,7444
7351,7437
7352,7353
7352,7439
7353,7352
7353,7183
2591,2592
2591,2588
2591,2590
7356,7444
7356,7182
7357,7452
7357,7429
7358,7428
7358,7437
7358,7429
2592,2593
2592,2591
7365,7465
7365,7463
7366,7226
7366,7228
7366,7198
10785,10792
10785,10893
7368,7239
7368,7367
2594,2603
2594,2668
2595,2641
2595,2564
2595,2596
2504,2523
2504,2524
2504,2525
2504,2510
7384,7496
7384,7465
7384,7501
7384,7494
7384,7495
7385,7386
7386,7384
7386,7496
7386,7464
2597,2561
2597,2598
7394,7608
7394,7609
7395,2872
7395,7608
10790,10789
10790,10791
2599,2604
2599,2598
7411,1557
7411,7255
7412,7249
2601,2580
2601,2583
7419,7498
2602,2587
2603,2594
2603,2606
7428,7358
7428,7431
7429,7544
7429,7357
7429,7358
7430,7445
7431,7428
7431,7357
7431,7494
7432,7436
7432,7442
7432,7500
7432,7445
10796,10793
10796,10855
10796,10494
10796,10863
7434,7433
7435,7432
7435,7500
7436,7432
7436,7433
7436,7182
7436,7430
7437,7358
7437,7351
7438,7444
7438,7182
2605,2593
2605,2606
7440,7352
7440,7439
7441,7433
7441,7182
7442,7434
7444,7356
7444,7351
10798,10800
10798,10425
10798,10435
10798,10939
10798,10511
7447,7182
7452,7428
7452,7494
1243,1241
1243,1242
2609,2575
2609,2623
7465,7464
7465,7496
7465,7385
7465,7463
2610,2623
2610,2673
2610,2651
2610,2676
2610,2665
7478,7480
7478,7483
7478,7479
7479,7482
7479,7478
7480,7481
7480,7478
2612,2619
2612,2660
7482,7483
7482,7479
7483,7482
7483,7479
2613,2619
2613,2659
2613,2614
2614,2640
2614,2642
2614,2618
2614,2613
7494,7385
7494,7431
7494,7325
7494,7495
7495,7496
7495,7385
7495,7494
7496,7465
7496,7385
7496,7495
7496,7463
7497,7498
7497,7197
7498,7497
7498,7419
7500,7432
7500,7501
7501,7500
7502,7501
7504,7626
7504,7508
7505,7336
7505,7232
7505,7186
7505,7233
7506,7328
7506,7334
7506,7326
7507,7523
7508,7509
7509,7185
7509,7625
7521,7504
7523,7521
7523,7333
1255,1250
1255,1251
7544,7545
7544,7429
7544,7553
7545,7544
7545,7546
7545,7429
7546,7545
7546,7547
7546,7580
10815,10817
10815,10820
7550,7552
7551,7606
7551,7350
7551,7215
7552,7553
10816,10868
10816,10820
2625,2624
2625,2615
2626,2616
2626,2670
7566,7206
7567,7206
7568,7569
7568,7481
7569,7568
7569,7570
7569,7572
7570,7572
7571,7240
7571,7570
7571,7572
7572,7569
7572,7571
7575,7579
7576,7582
7577,7582
7577,7183
7578,7576
7579,7578
7580,7546
7580,7547
7580,7205
7580,7575
7582,7577
7582,7606
7582,7209
7583,7584
7583,7223
7584,7627
7584,7583
7585,7586
7585,7222
7586,7585
7586,7226
7599,7337
7599,7669
7600,7184
7600,7206
7601,7209
7601,7604
7602,7566
1267,1265
1267,1251
7604,7601
7604,7210
7606,7216
7606,7582
7606,7551
7608,7394
7608,7395
7609,7394
7609,7611
7609,7619
7610,7609
7611,7184
7612,7610
7619,7611
7625,7626
7625,7230
7626,7625
7626,7628
7627,7584
7627,7225
7627,7628
7628,7626
7628,7627
2638,2633
2638,2635
1273,1298
1273,1292
1273,1293
10831,10837
10831,10838
2640,2614
2640,2671
10833,10912
10833,10834
10833,10438
10833,10910
5561,922
5561,5578
5561,798
2642,2614
2710,2706
2710,2724
2710,2709
2710,2711
7669,7336
7669,7337
7669,7233
2644,2654
2645,2644
2506,2556
2506,2543
2646,2645
2647,2705
2647,2646
2647,2679
2648,2723
2649,2648
2654,2653
2655,2651
2655,2676
2655,2679
2656,2658
2656,2635
5507,5649
5507,5651
2657,2553
2657,2658
2658,2656
2658,2657
2658,2659
2659,2658
2659,2619
2659,2613
2660,2611
2660,2612
2661,2611
2661,2582
2662,2665
2662,2663
2663,2684
2663,2662
4351,4352
4351,4310
2664,2707
2664,2678
2665,2610
2665,2662
2666,2672
2666,2673
2666,2675
2667,2708
2667,2668
2668,2667
2668,2616
2668,2594
2668,2675
2668,2669
2669,2668
2669,2670
2670,2626
2670,2669
2671,2640
2671,2631
2716,2627
2716,2715
2676,2655
2676,2611
2676,2623
2677,2632
2677,2616
2677,2564
2677,2606
2677,2615
263,256
263,269
263,255
2684,2701
2684,2663
2685,2729
2685,2722
2685,2709
8147,8137
8147,8142
8147,8151
2686,2687
2686,2683
2686,2620
2686,2621
2686,8871
2687,2681
2687,2682
2687,2689
2688,2704
2688,8866
2691,2696
2691,2690
2691,2699
265,266
265,258
2693,2694
4357,4319
2694,2692
2694,2695
2695,2694
2695,2726
2696,2697
2696,2691
2697,2696
2697,2698
2721,2720
2721,2711
266,265
266,270
2698,2697
2698,2682
2699,2691
2699,2692
2700,2714
2700,2779
2700,2717
2700,2799
10893,10785
10893,10642
10893,10931
10894,10440
10894,10849
4375,4370
4375,4371
4375,4381
540,539
540,543
540,557
540,534
540,525
4359,4355
4359,4356
10899,10900
2708,2706
2708,2667
2709,2685
2709,2710
8067,8104
8067,8146
8067,8139
8067,8132
8067,8322
8068,8106
8068,8107
8068,8455
8069,8307
8069,8076
8071,8849
8071,8114
8073,8105
2711,2721
2711,2710
8076,8402
8076,2860
8076,8069
4309,4338
4309,4339
2712,2713
2712,8875
2713,2712
2713,2714
2714,2713
2714,2700
2715,2716
2715,2799
8104,2840
8104,8067
8105,8073
8105,8106
8106,8105
8106,8068
8106,8455
8107,8108
8107,8068
8108,8457
8108,8107
8108,8148
8108,8119
2717,2700
2717,2719
8114,8149
8114,8071
2718,2717
8119,2835
8119,8108
8121,8529
8121,8458
2719,2720
2719,2718
8124,8125
8124,8838
8125,8124
8125,8126
8126,8125
8126,8838
8126,8127
8127,8128
8127,8126
8128,8130
8128,8149
8128,8127
2720,2721
2720,2719
8130,8128
8130,8146
8131,8136
8131,8150
8132,8067
8133,8322
8133,8135
8134,8136
8134,8164
8135,8136
8135,8140
8135,8133
8136,8137
8136,8131
8136,8140
8136,8134
8137,8136
8137,8147
8137,8140
8138,8141
8138,8142
8139,8144
8139,8067
8139,8140
8140,8136
8140,8137
8140,8139
8140,8135
8141,8138
8142,8138
8142,8147
8143,8405
8143,8134
8144,8145
8144,8139
8145,8144
8145,8150
8146,8130
8146,8067
2723,2705
8148,8458
8148,8108
8149,8528
8149,8128
8149,8114
8149,8067
8150,8145
8150,8131
8151,8147
4363,4357
4363,4341
2724,2725
2724,2710
8164,8143
10920,10799
10921,10922
10922,10899
